"TLA NAME","CRASH ROAD","CRASH DIST","CRASH DIRN","INTSN","SIDE ROAD","CRASH ID","CRASH DATE","CRASH DOW","CRASH TIME","MVMT","VEHICLES","CAUSES","OBJECTS STRUCK","ROAD CURVE","ROAD WET","LIGHT","WTHRa","JUNC TYPE","TRAF CTRL","ROAD MARK","SPD LIM","CRASH FATAL CNT","CRASH SEV CNT","CRASH MIN CNT","PERS AGE1","PERS AGE2","EASTING","NORTHING"
"Auckland","GRAFTON ROAD",""," ","I","CARLTON GORE ROAD","201531268","02/02/2015","Mon","0815","GD","CN1C","331A ","","E","D","O ","F ","T","G","C","050","0","0","0","","","1757315","5918901",
"Auckland","GRAFTON ROAD",""," ","I","KHYBER PASS ROAD","201510357","15/01/2015","Thu","0910","NA","CS1E","713B ","","R","D","B ","F ","X","T","C","050","0","0","1","","","1757248","5918686",
"Auckland","GRAND DRIVE",""," ","I","OREWA ON SBD","201531337","01/02/2015","Sun","1149","DA","CE1","130A 330A 427A ","P","M","D","O ","F ","R","G","R","070","0","0","0","","","1748983","5949558",
"Auckland","GRASSWAYS AVENUE","40","N"," ","REEVES ROAD","201532452","21/02/2015","Sat","2250","EA","4N1C","129A 412A ","M","R","D","DO","F "," "," ","N","050","0","0","0","","","1767370","5913056",
"Auckland","GRAY AVENUE","5","W"," ","EARLSWORTH ROAD","201531675","01/02/2015","Sun","0920","CC","TE14","101A 130A ","FM","R","D","B ","F ","T","G","C","050","0","0","0","","","1763407","5907556",
"Auckland","GRAY AVENUE",""," ","I","EARLSWORTH ROAD","201511211","19/01/2015","Mon","2150","LB","CW1CC","303B 330B ","","R","D","DN","F ","T","G","C","050","0","0","1","","","","",
"Auckland","GRAY AVENUE","100","S"," ","MASSEY ROAD","201510393","01/01/2015","Thu","0749","EA","4N1C","101A 129A ","M","R","D","B ","F "," "," ","C","050","0","0","1","","","1763137","5907927",
"Auckland","GREAT NORTH ROAD",""," ","I","ALFORD ST","201532039","21/01/2015","Wed","1700","BA","CS14","125A 352A 125B 352B ","","R","D","B ","F ","T","T","C","050","0","0","0","","","1751699","5917115",
"Auckland","GREAT NORTH ROAD",""," ","I","BULLOCK TRACK","201532322","26/02/2015","Thu","0800","JA","VE1C","301B ","","R","D","B ","F ","X","S","P","050","0","0","0","","","1754254","5918542",
"Auckland","GREAT NORTH ROAD","20","S"," ","CRUMMER ROAD","201531416","22/02/2015","Sun","1230","AO","VN14","150A 381A ","","R","D","B ","F "," ","N","P","050","0","0","0","","","1754969","5918513",
"Auckland","GREAT NORTH ROAD",""," ","I","DELLWOOD AVENUE","201510800","19/01/2015","Mon","0301","DC","CN2","103A 112A 130A 321A ","FJ","R","D","DO","F ","T","S","C","050","0","0","1","","","1746310","5916860",
"Auckland","GREAT NORTH ROAD","20","N"," ","FELGROVE ST","201532367","18/02/2015","Wed","1800","FD","CN1C","331A 358A ","","R","D","B ","F "," "," ","L","050","0","0","0","","","","",
"Auckland","GREAT NORTH ROAD",""," ","I","FELGROVE ST","201531869","20/01/2015","Tue","1633","FE","CS1C","181A 331A ","","R","D","B ","F ","X","T","C","050","0","0","0","","","1746572","5915650",
"Auckland","GREAT NORTH ROAD",""," ","I","MCCRAE WAY","201532478","30/01/2015","Fri","1334","FE","CN1CC","181A 331A 358A ","","E","D","B ","F ","X","T","C","050","0","0","0","","","","",
"Auckland","GREAT NORTH ROAD",""," ","I","OAKLEY AVENUE","201530895","28/01/2015","Wed","0735","JA","CN1C","302B 314B 377B ","","R","D","BF","F ","T","G","C","050","0","0","0","","","1751729","5917236",
"Auckland","GREAT NORTH ROAD","15","E"," ","RATA ST","201530436","17/01/2015","Sat","1708","FD","CW1CC","112B 371B 517B ","","R","D","B ","F ","X","G","C","080","0","0","0","","","1749446","5913915",
"Auckland","GREAT NORTH ROAD","20","S"," ","ROSEBANK ROAD","201530734","18/01/2015","Sun","1300","EE","CN1C","374B ","Q","R","D","B ","F "," ","N","C","050","0","0","0","","","1751172","5915463",
"Auckland","GREAT NORTH ROAD","15","N"," ","WADIER PLACE","201532144","13/02/2015","Fri","1255","KA","CS1C","308B 382B 927 ","","R","D","BF","F ","D","N","P","050","0","0","0","","","1745172","5917590",
"Auckland","GREAT NORTH ROAD","50","N"," ","WILLIAMSON AVENUE","201532133","31/01/2015","Sat","1720","MC","VN1C","372B ","","R","D","ON","F "," ","N","C","050","0","0","0","","","1754871","5918728",
"Auckland","GREAT SOUTH ROAD","15","S"," ","ALBION ROAD","201510586","12/02/2015","Thu","0840","NB","CN1EEE","713B 727B 713C 727C 713D 727D ","","R","D","O ","F "," "," ","C","050","0","3","0","5","","1763846","5910175",
"Auckland","GREAT SOUTH ROAD",""," ","I","ALBION ROAD","201532454","19/02/2015","Thu","1800","AA","4N1C","184A 402A 434A ","","R","D","B ","F ","X","T","C","050","0","0","0","","","1763837","5910187",
"Auckland","GREAT SOUTH ROAD","200","N"," ","BAIRDS ROAD","201531968","11/01/2015","Sun","1045","MF","CS1C","371B ","","R","D","BF","F "," ","N","C","050","0","0","0","","","1764807","5908396",
"Auckland","GREAT SOUTH ROAD",""," ","I","BAIRDS ROAD","201530852","31/01/2015","Sat","0920","FE","CN1C","181A ","","E","W","OF","H ","Y","T","C","050","0","0","0","","","1764946","5908255",
"Auckland","GREAT SOUTH ROAD",""," ","I","BAIRDS ROAD","201531142","20/02/2015","Fri","1533","DA","CN1","111A 514A 517A ","P","E","D","B ","F ","T","T","C","060","0","0","0","","","1764946","5908255",
"Auckland","GREAT SOUTH ROAD","300","S"," ","BROADWAY S","201510480","10/02/2015","Tue","0810","EE","SN1T","330B 374B ","M","R","D","O ","F "," ","N","P","050","0","1","0","","33","1772814","5896180",
"Auckland","GREAT SOUTH ROAD","15","N"," ","CAMPBELL ROAD","201531978","14/02/2015","Sat","1400","AA","CN1C","181A ","","R","D","BF","F ","T","T","P","050","0","0","0","","","1760274","5915388",
"Auckland","GREAT SOUTH ROAD",""," ","I","FAIRBURN ROAD","201531004","23/01/2015","Fri","1800","JA","CS1C","301B 375B ","","R","D","BF","F ","T","S","C","050","0","0","0","","","1764361","5909335",
"Auckland","GREAT SOUTH ROAD",""," ","I","GLADDING PLACE","201530825","15/01/2015","Thu","1615","KB","CN1C","302B 375B 404B ","","R","D","OF","F ","T","G","R","060","0","0","0","","","1767643","5904490",
"Auckland","GREAT SOUTH ROAD","70","N"," ","GREENPARK ROAD","201530756","31/01/2015","Sat","1241","MO","CE1C","330A 423A 926 ","X","R","D","B ","F ","D","N","C","050","0","0","0","","","1761240","5914117",
"Auckland","GREAT SOUTH ROAD","40","N"," ","HALVER ROAD","201531989","13/01/2015","Tue","2100","MB","CS1C","303B 375B ","","R","D","DO","F "," ","N","C","050","0","0","0","","","1768753","5900989",
"Auckland","GREAT SOUTH ROAD","70","S"," ","HIGH ST","201530468","25/01/2015","Sun","0855","FD","CN1C","181A ","","R","D","B ","F "," ","N","N","080","0","0","0","","","1764314","5909533",
"Auckland","GREAT SOUTH ROAD",""," ","I","KOLMAR ROAD","201531184","14/02/2015","Sat","1645","BB","CS1C","124A ","","R","D","B ","F ","T","T","C","050","0","0","0","","","1765618","5906899",
"Auckland","GREAT SOUTH ROAD",""," ","I","LAKEWOOD COURT","201531986","19/02/2015","Thu","1930","MG","CS1V","371B ","","R","D","BF","F ","T","T","C","050","0","0","0","","","1767807","5904083",
"Auckland","GREAT SOUTH ROAD",""," ","I","MAGNOLIA AVENUE","201531013","04/01/2015","Sun","1000","CB","VS1C","129A 358A ","","R","D","BF","F ","T","G","P","050","0","0","0","","","1772634","5894339",
"Auckland","GREAT SOUTH ROAD",""," ","I","MAIN HIGHWAY","201531412","17/02/2015","Tue","1920","JA","CS14","322A ","","R","D","O ","F ","T","T","R","050","0","0","0","","","1760327","5915331",
"Auckland","GREAT SOUTH ROAD",""," ","I","MAIN HIGHWAY","201510712","01/02/2015","Sun","1750","GB","SS1C","387A 372B ","","E","D","O ","F ","T","T","R","050","0","0","1","","10","1760327","5915331",
"Auckland","GREAT SOUTH ROAD",""," ","I","MANGARATA AVENUE","201531015","04/01/2015","Sun","0035","CB","CS1","103A 363A ","F","R","D","DO","F ","T","G","C","050","0","0","0","","","1766277","5906106",
"Auckland","GREAT SOUTH ROAD",""," ","I","MANUKAU STATION ROAD","201531214","08/01/2015","Thu","1145","FA","CN1C","181A 331A 191B 197B ","","R","D","B ","F ","X","T","C","060","0","0","0","","","1767776","5904283",
"Auckland","GREAT SOUTH ROAD",""," ","I","ORAMS ROAD","201532150","04/02/2015","Wed","1900","HA","CW2CC","322B ","","R","W","OF","L ","X","T","C","050","0","0","0","","","1768189","5902430",
"Auckland","GREAT SOUTH ROAD",""," ","I","PEMBROKE ST","201510355","13/01/2015","Tue","1720","LB","SS1C","303B 375B ","","R","D","B ","F ","T","S","C","050","0","0","1","","68","1766851","5905770",
"Auckland","GREAT SOUTH ROAD",""," ","I","PENROSE ROAD","201531991","22/01/2015","Thu","1215","GD","CS1C","333A 353A ","","R","D","BF","F ","T","T","C","050","0","0","0","","","1761972","5913415",
"Auckland","GREAT SOUTH ROAD",""," ","I","PUHINUI ROAD","201531997","14/02/2015","Sat","2108","FB","CN1C","331A 353A ","","E","W","DO","M ","X","G","C","050","0","0","0","","","1767111","5905524",
"Auckland","GREAT SOUTH ROAD","15","N"," ","PURIRI AVENUE","201532282","13/02/2015","Fri","1715","FD","CN14","181A 331A ","","R","D","B ","F "," "," ","C","050","0","0","0","","","1759972","5915676",
"Auckland","GREAT SOUTH ROAD",""," ","I","PURIRI AVENUE","201531262","30/01/2015","Fri","0755","LB","CS1C","209A ","","E","D","B ","F ","T","S","C","050","0","0","0","","","1759983","5915666",
"Auckland","GREAT SOUTH ROAD",""," ","I","PURIRI AVENUE","201531206","14/01/2015","Wed","1545","AA","CN1C","330A 372A ","","R","D","B ","F ","T","N","C","050","0","0","0","","","1759983","5915666",
"Auckland","GREAT SOUTH ROAD",""," ","I","REDOUBT ROAD","201532145","08/02/2015","Sun","1030","HA","VN1C","322B ","","R","D","BF","F ","X","T","C","050","0","0","0","","","","",
"Auckland","GREAT SOUTH ROAD",""," ","I","REX LANE","201530463","26/01/2015","Mon","2220","MG","CN1C","371B ","","R","D","DO","F ","T","N","C","050","0","0","0","","","1765888","5906521",
"Auckland","GREAT SOUTH ROAD",""," ","I","RONWOOD AVENUE","201532114","13/02/2015","Fri","1750","MG","CS1V","103B 371B ","","R","D","BF","F ","M","T","R","060","0","0","0","","","1767587","5904632",
"Auckland","GREAT SOUTH ROAD",""," ","I","RUNCIMAN ROAD","201530473","25/01/2015","Sun","1050","GA","CN1C","181A 361A ","","R","D","B ","F ","T","G","C","100","0","0","0","","","1773430","5889573",
"Auckland","GREAT SOUTH ROAD",""," ","I","SPARTAN ROAD","201531915","03/01/2015","Sat","2100","FE","CN14","181A ","","R"," ","TF","  ","T","T","R","050","0","0","0","","","1769910","5899366",
"Auckland","GREAT SOUTH ROAD",""," ","I","SUTTON CRESCENT","201531918","05/01/2015","Mon","","BC","CN14","122A 514A 517A ","","R","D","OF","F ","T","T","C","050","0","0","0","","","1765734","5906735",
"Auckland","GREAT SOUTH ROAD",""," ","I","SYLVIA PARK ROAD","201531674","02/02/2015","Mon","1250","LB","4S1C","323B ","","R","D","B ","F ","T","T","R","050","0","0","0","","","1763187","5911858",
"Auckland","GREAT SOUTH ROAD",""," ","I","TAKA ST","201531135","26/01/2015","Mon","1620","FE","CN1C","103A 322A ","","R","D","B ","F ","T","T","C","050","0","0","0","","","1770669","5898615",
"Auckland","GREAT SOUTH ROAD","140","S"," ","THE FURLONG","201532102","05/01/2015","Mon","2115","BB","CN1C","124A 925 ","","R","D","DO","F ","D","N","C","050","0","0","0","","","1771376","5897978",
"Auckland","GREAT SOUTH ROAD","50","N"," ","TUI ROAD","201531969","11/01/2015","Sun","1620","EA","CS1C","129A ","M","R","D","BF","F "," ","N","C","050","0","0","0","","","1765935","5906454",
"Auckland","GREAT SOUTH ROAD","20","S"," ","VESTEY DRIVE","201510816","14/01/2015","Wed","1720","AC","TS1S","159A 330A ","","R","D","B ","F "," "," ","C","050","0","0","1","","22","1763327","5911500",
"Auckland","GREAT SOUTH ROAD","30","N"," ","WEYMOUTH ROAD","201531913","13/01/2015","Tue","1645","MC","4S1C","372B ","","R","D","BF","F "," ","N","P","050","0","0","0","","","1768894","5900859",
"Auckland","GREEN LANE EAST","50","S"," ","REMUERA ROAD","201532354","04/03/2015","Wed","1100","BA","CN1C","205A ","","R","D","B ","F "," "," ","C","050","0","0","0","","","","",
"Auckland","GREEN LANE WEST","300","E"," ","MANUKAU ROAD","201530374","24/01/2015","Sat","1840","FD","CW1C","181A ","","R","D","B ","F "," "," ","C","050","0","0","0","","","1758410","5915498",
"Auckland","GREEN LANE WEST",""," ","I","THE DRIVE","201510265","28/01/2015","Wed","2230","FE","CW1C","103A 181A ","","R","D","DO","F ","X","T","C","050","0","0","3","","","","",
"Auckland","GREENLANE INT",""," ","I","GREEN LANE EAST","201531048","25/01/2015","Sun","0450","DB","CE2","111A 131A ","GI","R","D","DO","F ","R","G","R","050","0","0","0","","","1760167","5915987",
"Auckland","GREENLANE INT",""," ","I","GREEN LANE EAST","201532106","14/02/2015","Sat","1026","HA","CW24","302A 375A ","","M","D","OF","F ","R","G","R","050","0","0","0","","","1760192","5915960",
"Auckland","GREENLANE OFF SBD",""," ","I","GREENLANE INT","201531092","05/02/2015","Thu","1910","FB","CS1C","387A ","","E","D","OF","F ","R","G","R","050","0","0","0","","","","",
"Auckland","GREENPARK ROAD","300","W"," ","GREAT SOUTH ROAD","201530335","22/01/2015","Thu","1755","MO","TE1","371A 671A 927 ","P","R","D","B ","F ","D","N","C","050","0","0","0","","","1761047","5914011",
"Auckland","GREVILLE ROAD","100","W"," ","HUGH GREEN DRIVE","201531409","18/02/2015","Wed","0804","MC","CE1C","330B 372B ","","R","D","B ","F "," ","N","L","080","0","0","0","","","1753792","5933539",
"Auckland","GULF VIEW ROAD",""," ","I","CHURCHILL ROAD","201530219","03/01/2015","Sat","1140","DC","VW2","130A 501A ","F","R","D","O ","F ","T","N","N","050","0","0","0","","","1756544","5933539",
"Auckland","HALSEY ST","80","N"," ","VICTORIA ST WEST","201510382","20/01/2015","Tue","0948","NA","CS1E","711B ","","R","D","O ","F "," "," ","L","050","0","0","1","45","","1756599","5920615",
"Auckland","HALSTON ROAD","15","W"," ","DOMINION ROAD","201531075","14/02/2015","Sat","1215","MO","CE1C","371A ","M","R","D","BF","F "," ","N","C","050","0","0","0","","","1755664","5915990",
"Auckland","HAMPSTEAD ROAD","130","W"," ","EUSTON ROAD","201530843","16/01/2015","Fri","0930","MA","VE1C","373B ","","E","D","BF","F "," ","N","N","050","0","0","0","","","1753950","5915753",
"Auckland","HARANIA AVENUE","40","N"," ","JURY PLACE","201531299","08/02/2015","Sun","1645","EA","CS1C","410A ","M","E","D","B ","F "," "," ","C","050","0","0","0","","","1761109","5909110",
"Auckland","HARRIS ROAD","100","S"," ","TI RAKAU DRIVE","201511167","02/02/2015","Mon","1730","JA","CN1M","151A 314B 377B 927 ","","R","D","B ","F ","D"," ","P","060","0","1","0","","","1769015","5911434",
"Auckland","HAULTAIN ST","150","W"," ","PORTERS AVENUE","201531032","27/01/2015","Tue","1620","MO","CW1V","370A 385A ","M","R","D","BF","F "," ","N","N","050","0","0","0","","","1756399","5918208",
"Auckland","HELLABYS ROAD RNDBT",""," ","I","HIGHBROOK OFF SBD","201530968","12/01/2015","Mon","1730","KA","CN1C","302B 375B 404B ","","M","D","O ","F ","R","G","R","050","0","0","0","","","1765602","5908899",
"Auckland","HELVETIA ROAD",""," ","I","VICTORIA ST","201531266","06/02/2015","Fri","0855","HA","CS1V","301B ","","R","W","O ","F ","X","S","R","050","0","0","0","","","1768077","5881054",
"Auckland","HELVETIA ROAD","500","N"," ","WEST ST","201531086","08/02/2015","Sun","2158","CB","VN1CC","103A 129A ","M","R","D","DO","F "," ","N","C","050","0","0","0","","","1767918","5881297",
"Auckland","HENDERSON VALLEY ROAD",""," ","I","SMYTHE ROAD","201530849","20/01/2015","Tue","1730","FE","CS1C","181A ","","R","D","BF","F ","T","T","C","050","0","0","0","","","1745179","5917070",
"Auckland","HENDON AVENUE","30","E"," ","BARRYMORE ROAD","201531414","16/01/2015","Fri","1557","BE","CW1C","125A 350A ","FF","R","D","B ","F "," ","N","C","050","0","0","0","","","1752894","5914973",
"Auckland","HENDON AVENUE","30","S"," ","RICHARDSON ROAD","201531090","24/01/2015","Sat","1655","FE","CN1CC","331A 414A ","","R","D","BF","F ","T","T","C","050","0","0","0","","","1753078","5915076",
"Auckland","HIBISCUS COAST HIGHWAY","100","N"," ","MOENUI AVENUE","201530735","11/01/2015","Sun","1330","MO","CN1C","371A ","M","R","D","B ","F "," ","N","C","050","0","0","0","","","1751780","5949578",
"Auckland","HIBISCUS COAST HIGHWAY","20","E"," ","PAINTON ROAD","201532350","28/02/2015","Sat","1745","FD","CW1CC","181A 427A 181B ","","R","D","B ","F "," "," ","C","070","0","0","0","","","","",
"Auckland","HIBISCUS COAST HIGHWAY","300","W"," ","RED BEACH ROAD","201530838","15/01/2015","Thu","1000","AC","CW1V","372A ","","R","D","BF","F "," ","N","P","050","0","0","0","","","1751316","5947715",
"Auckland","HIBISCUS COAST HIGHWAY","5","N"," ","RIVERSIDE ROAD","201531678","30/01/2015","Fri","1540","FB","CS1C","331A ","","R","D","B ","F ","R","G","C","050","0","0","0","","","","",
"Auckland","HIBISCUS COAST HIGHWAY","20","S"," ","RIVERSIDE ROAD","201530986","10/01/2015","Sat","0955","FC","4S1C","181A 331A ","","R","D","B ","F "," "," ","X","050","0","0","0","","","1751856","5949348",
"Auckland","HIBISCUS COAST HIGHWAY","100","E"," ","SILVERDALE OFF SBD","201531936","16/02/2015","Mon","1330","AC","CE1C","372A ","","E","D","BF","F "," ","N","P","080","0","0","0","","","","",
"Auckland","HIBISCUS COAST HIGHWAY","25","W"," ","SMALL ROAD","201531704","10/01/2015","Sat","1610","AO","CE1C","129A 129B ","","M","D","B ","F "," "," ","C","050","0","0","0","","","1748883","5945491",
"Auckland","HIBISCUS COAST HIGHWAY","450","S"," ","WAIWERA ROAD","201532121","20/02/2015","Fri","0752","DB","CS1","135A 801 ","G","M","W","OF","F "," ","N","C","100","0","0","0","","","1752569","5954241",
"Auckland","HIBISCUS COAST HIGHWAY","500","S"," ","WAIWERA ROAD","201532124","03/02/2015","Tue","0807","DB","CN1","135A 801 901 ","G","S","W","ON","H "," ","N","C","100","0","0","0","","","1752547","5954196",
"Auckland","HIBISCUS COAST HIGHWAY","1200","S"," ","WAIWERA ROAD","201510220","11/01/2015","Sun","1400","FD","CN1M","181A ","","M","D","BN","F "," ","N","C","080","0","0","1","","","","",
"Auckland","HIBISCUS COAST HIGHWAY","40","S"," ","WHANGAPARAOA ROAD","201530831","01/01/2015","Thu","2000","AC","CS1C","372A ","","E","D","BF","F "," ","N","C","070","0","0","0","","","1750680","5946661",
"Auckland","HIBISCUS COAST HWY","100","E"," ","PAINTON ROAD","201531289","31/01/2015","Sat","1109","FD","VW14C","331A 351A 181B ","","R","D","B ","F "," "," ","P","070","0","0","0","","","","",
"Auckland","HIGHBROOK DRIVE",""," ","I","CRYERS ROAD","201532179","08/02/2015","Sun","0600","DA","CE1","131A 410A ","FHS","E","D","DO","F ","T","T","R","050","0","0","0","","","1767830","5910344",
"Auckland","HIGHLAND PARK DRIVE",""," ","I","AVIEMORE DRIVE","201531710","06/02/2015","Fri","1540","LB","CS2C","303B ","","R","D","O ","F ","T","S","R","050","0","0","0","","","","",
"Auckland","HILL ROAD","15","E"," ","GREAT SOUTH ROAD","201532154","08/02/2015","Sun","1200","AA","CW1C","372A ","","R","D","BF","F ","T","T","C","050","0","0","0","","","1768645","5901127",
"Auckland","HILL ROAD","15","E"," ","HILLSIDE ROAD","201530829","06/01/2015","Tue","2045","CC","CW1","103A ","P","R","D","DO","F "," ","N","C","050","0","0","0","","","1764448","5905593",
"Auckland","HILL ST",""," ","I","CHURCH ST","201530861","28/01/2015","Wed","0529","DA","CW2","101A 111A 131A 514A ","T","R","D","DO","F ","X","S","C","050","0","0","0","","","1758623","5912156",
"Auckland","HILLCREST AVENUE","100","S"," ","HOLLAND ROAD","201531239","20/01/2015","Tue","1820","AO","CN1C","101A 110A 129A ","","R","D","B ","F "," "," ","C","050","0","0","0","","","1755249","5926883",
"Auckland","HILLS ROAD","80","S"," ","WILLIAMS CRESCENT N","201511133","13/02/2015","Fri","0855","EA","CS1C","129A 130A 358A ","M","R","D","O ","F "," "," ","C","050","0","0","1","","","1767648","5908402",
"Auckland","HILLSBOROUGH ROAD",""," ","I","HERD ROAD","201531263","06/02/2015","Fri","2050","LB","CS1C","303B ","","E","D","DO","F ","X","T","P","050","0","0","0","","","1756713","5913070",
"Auckland","HILLSBOROUGH ROAD","50","W"," ","THE AVENUE","201532234","12/02/2015","Thu","1655","FD","CW1C","181A ","","R","D","B ","F "," "," ","C","080","0","0","0","","","1753544","5912028",
"Auckland","HILLSIDE CRESCENT","100","E"," ","MOUNT EDEN ROAD","201532235","19/02/2015","Thu","1420","EE","TW1C","129A ","M","R","D","B ","F "," "," ","C","050","0","0","0","","","","",
"Auckland","HILLVIEW ROAD","400","S"," ","ARARIMU ROAD","201532280","14/02/2015","Sat","1540","DA","4N1","131A 330A ","C","E","D","O ","F "," "," ","C","100","0","0","0","","","1775142","5887112",
"Auckland","HINEMOA ST",""," ","I","BIRKENHEAD AVENUE","201530857","02/02/2015","Mon","2153","DB","4N1","103A 131A ","IPT","R","D","DO","F ","Y","G","R","050","0","0","0","","","","",
"Auckland","HOBSON ROAD","130","S"," ","RIDGE ROAD","201531987","22/02/2015","Sun","1226","DB","CN1","111A 194A ","","E","W","ON","L "," ","N","N","100","0","0","0","","","1749807","5933995",
"Auckland","HOBSON ST",""," ","I","VICTORIA ST WEST","201530821","09/01/2015","Fri","2210","HA","CS1C","322B ","","R","D","DO","F ","X","T","L","050","0","0","0","","","1757065","5920542",
"Auckland","HOSPITAL ROAD",""," ","I","MANGERE ROAD","201530359","17/01/2015","Sat","0640","KC","VS2V","302A ","","E","D","B ","F ","T","G","C","050","0","0","0","","","1763378","5908440",
"Auckland","HOWARD HUNTER AVENUE","100","N"," ","STRONG ST","201530945","15/01/2015","Thu","0750","EA","CN1C","129A 350A ","M","R","D","B ","F "," "," ","C","050","0","0","0","","","1764773","5917345",
"Auckland","HUIA ROAD","10","S"," ","EAST TAMAKI ROAD","201531916","08/01/2015","Thu","1640","FE","CN1C","181A ","","R","D","BF","F ","T","T","C","050","0","0","0","","","1766074","5907287",
"Auckland","HUIA ROAD","80","N"," ","GREAT NORTH ROAD","201510069","13/01/2015","Tue","1335","JA","CN1C","308B 330B 402B 927 ","","R","D","B ","F ","D"," ","C","050","0","0","1","","","1752501","5918241",
"Auckland","HUIA ROAD","130","N"," ","TUI ST","201531044","18/01/2015","Sun","0300","CC","CN1","103A 112A 130A ","FHT","R","D","DO","F "," ","N","C","050","0","0","0","","","1752372","5918460",
"Auckland","HURSTMERE ROAD","50","N"," ","THE PROMENADE","201530897","28/01/2015","Wed","1445","MA","CS14","373B ","","R","D","BF","F "," ","N","C","050","0","0","0","","","1758274","5927704",
"Auckland","IAM MCKINNON DRIVE",""," ","I","DEVON ST","201511197","18/02/2015","Wed","0955","GC","MN1SC","191A 191B 144C 174C ","S","R","D","B ","F ","T","G","R","060","0","1","1","","45","","",
"Auckland","INVERMAY AVENUE","90","W"," ","HARDLEY AVENUE","201531066","07/02/2015","Sat","1737","EA","CW1C","129A ","M","R","D","BN","F "," ","N","N","050","0","0","0","","","1755128","5915285",
"Auckland","JAMES FLETCHER DRIVE","130","E"," ","BEACH ROAD","201531676","01/02/2015","Sun","2230","CB","CE1","130A 801 ","F","R","W","DO","L "," "," ","C","060","0","0","0","","","1762693","5909292",
"Auckland","JARVIS WAY","100","S"," ","ORMISTON ROAD","201532188","10/02/2015","Tue","1115","MO","TN1","385A 927 ","X","R","D","BF","F "," ","N","C","050","0","0","0","","","1768457","5907568",
"Auckland","JELLICOE ROAD","20","S"," ","PLEASANT VIEW ROAD","201532353","04/03/2015","Wed","1703","CA","CS1CC","112A 130A 402A 514A 517A ","","R","D","B ","F "," "," ","C","050","0","0","0","","","","",
"Auckland","JUTLAND ROAD",""," ","I","NORTHBORO ROAD","201531219","20/01/2015","Tue","0720","JC","CN2M","302A 375A ","","R","D","B ","F ","T","G","N","050","0","0","0","","","1758567","5925911",
"Auckland","KARAKA ST","20","W"," ","TAHAROTO ROAD","201532183","10/02/2015","Tue","0817","JA","CE1C","308B 375B 929 ","","R","D","OF","F ","D","N","N","050","0","0","0","","","1756952","5927207",
"Auckland","KARANGAHAPE ROAD",""," ","I","EDINBURGH ST","201511207","27/01/2015","Tue","1515","GB","SW1V","303B 330B 372B ","","E","D","B ","F ","X","T","C","050","0","0","1","","15","","",
"Auckland","KARANGAHAPE ROAD",""," ","I","EDINBURGH ST","201531667","25/01/2015","Sun","2031","MO","CN2C","512A 514A 691B ","","R","D","B ","F ","T","T","C","050","0","0","0","","","1756425","5919372",
"Auckland","KARANGAHAPE ROAD",""," ","I","PITT ST","201531984","20/02/2015","Fri","2045","FE","CE1X","331A 387A ","","R","D","BN","F ","X","T","C","050","0","0","0","","","1756812","5919468",
"Auckland","KARANGAHAPE ROAD",""," ","I","UPPER QUEEN ST","201531938","17/01/2015","Sat","1415","JC","CN2X","302A 387A ","","R","D","BF","F ","X","G","L","050","0","0","0","","","1757025","5919442",
"Auckland","KELDALE PLACE","220","S"," ","RICHARDS AVENUE","201531399","08/02/2015","Sun","0425","DC","CS1","103A 402A 410A ","FJ","R","D","DO","F "," "," ","N","050","0","0","0","","","1756304","5929756",
"Auckland","KELWYN ROAD","50","S"," ","BEAUBANK ROAD","201530866","01/01/2015","Thu","1556","EA","CS1C","103A 129A ","M","R","D","BF","F "," ","N","C","050","0","0","0","","","1748713","5915087",
"Auckland","KENT ST","20","E"," ","YORK ST","201531937","03/01/2015","Sat","1323","MO","CW1","133A 423A ","H","R","D","BF","F "," ","N","N","050","0","0","0","","","1758352","5918278",
"Auckland","KENWYN ST","15","E"," ","WATT ST","201531008","28/01/2015","Wed","1330","EA","4E1C","129A ","M","R","D","BF","F "," ","N","N","050","0","0","0","","","1759009","5920267",
"Auckland","KERR ST","170","E"," ","VICTORIA ROAD","201510373","27/01/2015","Tue","1734","NA","4E1K","377A 722B 839 ","","R","D","B ","F "," "," ","C","050","0","1","0","16","","1760479","5922628",
"Auckland","KERRS ROAD",""," ","I","GREAT SOUTH ROAD","201531059","10/02/2015","Tue","0645","MG","CE1C","371B ","","R","D","DO","F ","X","T","C","050","0","0","0","","","1768107","5903286",
"Auckland","KERVIL AVENUE","100","N"," ","BROOKFIELD ROAD","201532194","24/01/2015","Sat","1000","MO","CN1C","371A 929 ","M","R","D","BF","F ","D","N","C","050","0","0","0","","","1746899","5922105",
"Auckland","KHYBER PASS ROAD",""," ","I","GRAFTON ROAD","201532462","28/02/2015","Sat","1037","FA","4W1C","181A ","","R","D","B ","F ","X","T","C","050","0","0","0","","","","",
"Auckland","KHYBER PASS ROAD",""," ","I","MOUNTAIN ROAD","201510714","06/02/2015","Fri","0840","HA","VN2C","113B 191B 322B 801 ","","R","W","O ","F ","X","T","C","050","0","0","1","","","1757816","5918526",