"TLA NAME","CRASH ROAD","CRASH DIST","CRASH DIRN","INTSN","SIDE ROAD","CRASH ID","CRASH DATE","CRASH DOW","CRASH TIME","MVMT","VEHICLES","CAUSES","OBJECTS STRUCK","ROAD CURVE","ROAD WET","LIGHT","WTHRa","JUNC TYPE","TRAF CTRL","ROAD MARK","SPD LIM","CRASH FATAL CNT","CRASH SEV CNT","CRASH MIN CNT","PERS AGE1","PERS AGE2","EASTING","NORTHING"
"Auckland","KHYBER PASS ROAD","50","E"," ","NEWTON ROAD","201531264","06/02/2015","Fri","0730","DB","TE1C","131A 801 ","HM","E","W","O ","H "," "," ","C","050","0","0","0","","","1757007","5918759",
"Auckland","KHYBER PASS ROAD","100","E"," ","PARK ROAD","201531939","16/01/2015","Fri","1511","FF","CE1C","181A 197B ","","R","D","BF","F "," ","N","C","050","0","0","0","","","1757913","5918499",
"Auckland","KILIMANJARO DRIVE","100","W"," ","CHAPEL ROAD","201531977","22/01/2015","Thu","1040","MA","CE1CC","373B ","M","R","D","BF","F "," ","N","C","050","0","0","0","","","1771112","5911949",
"Auckland","KILKENNY DRIVE",""," ","I","INAGH CLOSE","201532163","18/02/2015","Wed","1120","MC","CN14","372B ","","R","D","BF","F ","T","G","C","050","0","0","0","","","1770982","5910785",
"Auckland","KILKENNY DRIVE",""," ","I","MIDDLEFIELD DRIVE","201511129","15/02/2015","Sun","1516","ND","CE1E","713B 732B ","","R","D","B ","F ","T","G","C","050","0","0","1","13","","1770438","5909733",
"Auckland","KILMARNOCK AVENUE",""," ","I","ARMADA DRIVE","201531336","31/01/2015","Sat","0414","DB","CS2","103A 111A 131A 412A ","T","E","W","DO","L ","T","N","C","050","0","0","0","","","1742835","5919110",
"Auckland","KIMBER HALL AVENUE","20","W"," ","WHITE SWAN ROAD","201531995","05/02/2015","Thu","0734","AO","CE1C","381A ","","R","D","BF","F ","T","G","C","050","0","0","0","","","1753221","5912750",
"Auckland","KIMPTON ROAD","100","E"," ","HUIA ROAD","201530869","31/01/2015","Sat","1700","BA","CW1C","125A ","","R","D","OF","F "," ","N","C","050","0","0","0","","","1766308","5907031",
"Auckland","KING ST","60","E"," ","EDINBURGH ST","201532287","25/02/2015","Wed","1535","MO","CE14","402A 371B ","","R","D","B ","F "," "," ","C","050","0","0","0","","","","",
"Auckland","KINMONT RISE","50","E"," ","LANSELL DRIVE","201531050","25/01/2015","Sun","1155","MO","VW1C","371A ","","E","D","BF","F "," ","N","N","050","0","0","0","","","1770986","5909505",
"Auckland","KINROSS ST","250","W"," ","BLOCKHOUSE BAY ROAD","201532436","11/02/2015","Wed","0730","GC","ME1V","370A 330B 372B 929 ","","R","D","B ","F ","D"," ","C","050","0","0","0","","","1751317","5912241",
"Auckland","KINROSS ST",""," ","I","CONNELL ST","201531420","23/02/2015","Mon","2031","KB","TE1C","302B 375B ","","R","D","B ","F ","X","G","C","050","0","0","0","","","1750876","5912081",
"Auckland","KITCHENER ROAD",""," ","I","ERIC PRICE AVENUE","201531794","16/01/2015","Fri","1249","FA","4S1C","331A 402A ","","R","D","B ","F ","T","G","C","050","0","0","0","","","1758362","5928570",
"Auckland","KITCHENER ROAD",""," ","I","GREEN LANE","201510801","05/02/2015","Thu","0820","LB","CE1C4","370A 303B 330B ","","R","W","O ","L ","T","G","C","100","0","0","1","","","1767828","5879300",
"Auckland","KITCHENER ROAD","10","E"," ","MILFORD ROAD","201530834","30/01/2015","Fri","1115","FE","CW1C4","181A ","","R","D","BF","F ","X","T","C","050","0","0","0","","","1757658","5928852",
"Auckland","KITCHENER ROAD","80","E"," ","SYLVAN PARK AVENUE","201510192","24/01/2015","Sat","1219","EA","SW1C","129A 350A ","M","R","D","B ","F "," ","N","C","050","0","1","0","","49","1757970","5928741",
"Auckland","KOHIMARAMA ROAD","130","S"," ","WHYTEHEAD CRESCENT N","201531981","21/02/2015","Sat","2200","EA","CS1C","129A ","M","R","D","DO","F "," ","N","N","050","0","0","0","","","1764317","5918506",
"Auckland","LADIES MILE","15","N"," ","MAIN HIGHWAY","201532197","04/02/2015","Wed","1400","EA","CS1M","129A ","M","R","D","BF","F "," ","N","C","050","0","0","0","","","1761193","5914950",
"Auckland","LADIES MILE","120","S"," ","PUKERANGI CRESCENT","201530372","27/01/2015","Tue","1140","MD","CS1CC","308B 929 ","M","R","D","B ","F ","D","N","C","050","0","0","0","","","1761301","5915192",
"Auckland","LADY RUBY DRIVE","20","E"," ","SPRINGS ROAD","201530804","22/01/2015","Thu","0700","KA","VW14","308B 314B 377B 929 ","","R","D","BF","F ","D","N","C","060","0","0","0","","","1768508","5909137",
"Auckland","LAGOON DRIVE","150","N"," ","BASIN VIEW LANE","201530423","15/01/2015","Thu","0920","GA","CS1C","181A 387A 930 ","","R","D","B ","F ","D","N","C","050","0","0","0","","","1765071","5914610",
"Auckland","LAGOON DRIVE",""," ","I","CHURCH CRESCENT","201531796","09/01/2015","Fri","0850","JA","4N1C","322A 350A 817 ","","R","D","O ","F ","X","T","R","050","0","0","0","","","1765427","5913860",
"Auckland","LAKE ROAD",""," ","I","BARDIA ST","201531001","02/01/2015","Fri","2000","FE","CS1C","130A 501A ","","R","D","DO","F ","T","T","P","050","0","0","0","","","1759558","5925256",
"Auckland","LAKE ROAD","100","S"," ","EXMOUTH ROAD","201531228","20/01/2015","Tue","0845","CA","MS1C","130A 197A ","","R","D","O ","F "," "," ","C","050","0","0","0","","","1755630","5925474",
"Auckland","LAKE ROAD","50","S"," ","HANLON CRESCENT N","201510384","23/01/2015","Fri","1150","PC","4E1K","378A 720B 835 929 ","","R","D","B ","F ","D"," ","C","050","0","0","1","17","","1759980","5924076",
"Auckland","LAKE ROAD","10","S"," ","REGENT ST","201530476","13/01/2015","Tue","1700","LB","PN1C","158A 303B 927 ","","R","D","B ","F ","D","N","P","050","0","0","0","","","1759850","5924445",
"Auckland","LAKESIDE DRIVE",""," ","I","MCGOWAN PLACE E","201510361","14/01/2015","Wed","1638","GA","MW14","181A 331A ","","M","D","B ","F ","T","N","N","050","0","0","1","","","1750752","5949516",
"Auckland","LAMBIE DRIVE",""," ","I","CAVENDISH DRIVE","201510460","14/01/2015","Wed","1415","BA","CW1CC","112A 517A ","","R","D","B ","F ","X","G","R","050","0","0","1","","","1766722","5904676",
"Auckland","LAMBIE DRIVE",""," ","I","LAMBIE OFF WBD","201532123","16/02/2015","Mon","1015","JA","VS1C","322A ","","R","D","OF","F ","X","T","C","050","0","0","0","","","1766881","5903851",
"Auckland","LAMBIE DRIVE","80","S"," ","RONWOOD AVENUE","201530456","20/01/2015","Tue","1015","EA","CN1C","386A ","M","R","D","B ","F "," ","N","N","050","0","0","0","","","1766691","5904349",
"Auckland","LE ROY TERRACE","20","E"," ","HINEMOA ST","201531706","13/02/2015","Fri","0805","EA","VE1C","129A 402A ","M","R","D","B ","F "," "," ","C","050","0","0","0","","","1754427","5924194",
"Auckland","LENDENFELD DRIVE",""," ","I","MALTE BRUN PLACE","201532355","21/02/2015","Sat","1956","JA","CN1C","303B ","","R","D","B ","F ","T","N","L","050","0","0","0","","","","",
"Auckland","LINCOLN PARK AVENUE","430","W"," ","TRIANGLE ROAD","201531338","05/02/2015","Thu","1306","EA","BS1C","129A 330A 352A ","M","R","D","O ","F "," "," ","C","050","0","0","0","","","1744076","5921620",
"Auckland","LINCOLN ROAD",""," ","I","CENTRAL PARK DRIVE","201510750","17/01/2015","Sat","1138","PO","CN1EC","130A 421A 422A 721B ","","R","D","O ","F ","X","T","C","050","0","0","2","54","","1745378","5920378",
"Auckland","LINCOLN ROAD","100","N"," ","POMARIA ROAD","201531279","31/01/2015","Sat","1032","FD","CS1C","181A 357A 801 ","","R","W","O ","M "," "," ","L","050","0","0","0","","","1745254","5919288",
"Auckland","LINCOLN ROAD","10","N"," ","UNIVERSAL DRIVE","201532143","15/02/2015","Sun","1242","AC","4N14","197A ","","R","D","BF","F ","X","T","C","050","0","0","0","","","1745306","5919762",
"Auckland","LINCOLN ROAD",""," ","I","UNIVERSAL DRIVE","201531339","04/02/2015","Wed","1054","JA","CN1C","324A 330A ","","R","W","O ","L ","X","T","C","050","0","0","0","","","1745306","5919752",
"Auckland","LINCOLN ROAD","40","S"," ","WOODFORD AVENUE","201532362","08/02/2015","Sun","2300","CA","CS1","410A ","P","R","D","DO","F "," "," ","R","050","0","0","0","","","","",
"Auckland","LINE ROAD","200","N"," ","TANIWHA ST","201530885","03/02/2015","Tue","1215","EA","TS1C","129A ","M","R","D","BF","F "," ","N","C","050","0","0","0","","","1765533","5917268",
"Auckland","LIVERPOOL ST",""," ","I","SETTLEMENT ROAD","201532277","12/02/2015","Thu","2145","DB","CS1","111A 131A 514A ","","S","D","DO","F ","T","S","R","050","0","0","0","","","1772819","5895503",
"Auckland","LORIEN PLACE",""," ","I","KERWYN AVENUE","201531060","15/02/2015","Sun","1445","GF","TE1C","381A 671A ","","R","D","BN","F ","T","G","P","050","0","0","0","","","1767528","5909567",
"Auckland","LOWER ALBERT ST",""," ","I","CUSTOMS ST WEST","201531419","18/02/2015","Wed","1110","GF","CS1B","179B 386B ","","R","D","B ","F ","M","T","C","050","0","0","0","","","1757400","5920942",
"Auckland","LOWER ALBERT ST",""," ","I","QUAY ST","201510206","03/01/2015","Sat","1659","NA","CN1E","713B 718B ","","R","D","BF","F ","T","T","C","050","0","0","1","27","","1757450","5921090",
"Auckland","MAHIA ROAD","100","S"," ","DAMIAN WAY","201511204","01/03/2015","Sun","2130","MA","CN1C","373B 377B ","","E","D","DO","F "," "," ","C","050","0","0","1","","","","",
"Auckland","MAIN HIGHWAY","20","E"," ","KALMIA ST","201531868","22/01/2015","Thu","2351","DB","CE1","101A 111A 131A ","F","M","D","DO","F "," "," ","C","050","0","0","0","","","1760987","5915058",
"Auckland","MAIORO ST",""," ","I","MAIORO OFF WBD","201532160","10/01/2015","Sat","2215","KB","CN1C","322A ","","E","D","DO","F ","T","T","R","050","0","0","0","","","1753520","5914409",
"Auckland","MAIORO ST",""," ","I","MAIORO ON EBD","201530870","30/01/2015","Fri","0815","GB","CN1C","173A ","","R","D","BF","F ","T","T","C","050","0","0","0","","","1753569","5914455",
"Auckland","MAIORO ST",""," ","A","MAIORO ST","201530425","02/02/2015","Mon","0002","DA","CS2","131A ","","M","W","DN","L ","T","T","R","050","0","0","0","","","1753548","5914435",
"Auckland","MANGERE ROAD","200","E"," ","AWA ST","201530813","05/02/2015","Thu","2330","BC","CE1C","103A 121A 351A ","","E","W","DO","L "," ","N","C","050","0","0","0","","","1763959","5908906",
"Auckland","MANGERE ROAD",""," ","I","HOSPITAL ROAD","201531149","02/02/2015","Mon","0653","KA","CS1C","141A 302B ","","E","D","B ","F ","T","G","C","050","0","0","0","","","1763378","5908440",
"Auckland","MANGERE ROAD","50","W"," ","WALMSLEY ROAD","201530224","01/01/2015","Thu","0025","AA","CS1C","353A 372A 402A 801 ","","E","W","DO","L "," "," ","P","050","0","0","0","","","1763651","5908868",
"Auckland","MANSION COURT",""," ","I","MARINA VIEW DRIVE","201530800","09/01/2015","Fri","0220","DA","4N2","103A 131A ","FT","E","D","DO","F ","T","G","C","050","0","0","0","","","1746394","5924454",
"Auckland","MANUKA ROAD",""," ","I","EASTON PARK PARADE","201531225","02/01/2015","Fri","0320","DA","CW1","103A 131A ","P","E","D","DO","F ","T","T","C","050","0","0","0","","","1753157","5928764",
"Auckland","MANUKAU ROAD","100","N"," ","BECKENHAM AVENUE","201532044","29/01/2015","Thu","1345","MA","CN14","370A 373B ","","R","D","B ","F "," "," ","C","050","0","0","0","","","1758123","5913991",
"Auckland","MANUKAU ROAD",""," ","I","GLADWIN ROAD","201530345","31/01/2015","Sat","2230","MD","CN1C","308B 371B 402B 929 ","","R","D","DO","F ","D","N","P","050","0","0","0","","","1758044","5914435",
"Auckland","MANUKAU ROAD","80","S"," ","GLASGOW ROAD","201530816","04/02/2015","Wed","0955","CB","CN1VC","130A 501A ","","R","D","BF","F "," ","N","C","050","0","0","0","","","1769457","5880348",
"Auckland","MANUKAU ROAD",""," ","I","GREEN LANE WEST","201532132","04/02/2015","Wed","2130","AC","CN1C","103A 372A ","","R","W","DO","L ","X","T","C","050","0","0","0","","","1758110","5915486",
"Auckland","MANUKAU ROAD","50","S"," ","HARRIS ST","201510702","19/01/2015","Mon","0918","NB","CS1E","714B 732B ","","R","D","B ","F "," "," ","C","050","0","0","1","11","","1769379","5880797",
"Auckland","MANUKAU ROAD","100","N"," ","MOUNT ALBERT ROAD","201531905","01/02/2015","Sun","1125","MA","CN1CC","373B ","M","R","D","OF","F "," ","N","P","050","0","0","0","","","1758204","5913531",
"Auckland","MANUKAU ROAD",""," ","I","MOUNT ALBERT ROAD","201531975","18/01/2015","Sun","0830","HA","CE2C","302A 372A ","","R","D","BF","F ","R","G","R","050","0","0","0","","","1758212","5913424",
"Auckland","MANUKAU ROAD",""," ","I","MOUNT SMART ROAD","201531065","09/02/2015","Mon","1605","AO","BS1C","385A 671A ","","E","D","BF","F ","R","G","R","050","0","0","0","","","1758236","5913418",
"Auckland","MANUKAU ROAD","30","N"," ","ONSLOW AVENUE","201532050","30/01/2015","Fri","1500","AA","CN1C","381A ","","R","D","B ","F "," "," ","C","050","0","0","0","","","1758057","5915152",
"Auckland","MANUKAU ROAD",""," ","I","RANGIATEA ROAD","201530377","28/01/2015","Wed","0719","LB","CN1C","303B ","","R","D","B ","F ","T","G","C","050","0","0","0","","","1758061","5915270",
"Auckland","MARGAN AVENUE",""," ","I","TITIRANGI ROAD","201530868","15/01/2015","Thu","2100","JA","CS2C","322B ","","R","D","DO","F ","T","T","C","050","0","0","0","","","1749245","5913590",
"Auckland","MASCOT AVENUE",""," ","I","CANNING CRESCENT N","201532156","07/02/2015","Sat","1040","JA","CS1C","302B 375B ","","R","D","BF","F ","T","G","C","050","0","0","0","","","1760382","5906946",
"Auckland","MASCOT AVENUE",""," ","I","WADDON PLACE","201530074","07/01/2015","Wed","0700","BC","4N1C","410A 504A ","","R","D","B ","F ","T","G","C","050","0","0","0","","","1760387","5906831",
"Auckland","MASSEY ROAD",""," ","I","HENWOOD ROAD","201510587","03/02/2015","Tue","0950","HA","CN2C","322B ","","R","D","B ","F ","X","T","R","050","0","1","0","","","1761877","5906689",
"Auckland","MASSEY ROAD",""," ","I","IMRIE AVENUE","201532051","01/02/2015","Sun","2130","JA","CE1C","301B 375B 801 ","","R","W","DO","L ","T","S","C","050","0","0","0","","","1761545","5906368",
"Auckland","MASSEY ROAD",""," ","I","JAMES ST","201530466","18/01/2015","Sun","0811","GD","CW1C","181A ","","R","D","B ","F ","X","G","C","050","0","0","0","","","1762082","5906885",
"Auckland","MASSEY ROAD","180","E"," ","MASCOT AVENUE","201530457","22/01/2015","Thu","1407","MD","CE14","330B 371B 929 ","","R","D","B ","F ","D","N","C","050","0","0","0","","","1760743","5906052",
"Auckland","MASSEY ROAD",""," ","I","MIAMI ST","201532326","27/02/2015","Fri","1653","KB","CN1C","302B ","","R","D","B ","F ","T","G","C","050","0","0","0","","","1763182","5908120",
"Auckland","MASSEY ROAD","100","W"," ","ROSELLA ROAD","201530444","06/01/2015","Tue","1730","FA","CS1C","181A ","","R","D","B ","F "," ","N","P","050","0","0","0","","","1763208","5908162",
"Auckland","MASSEY ROAD",""," ","I","VINE ST","201510585","11/02/2015","Wed","1230","KA","CS1C","308B 922 ","","R","D","B ","F ","D","N","C","050","0","0","1","","","1763074","5907946",
"Auckland","MASSEY ROAD","40","S"," ","YATES ROAD","201510589","04/02/2015","Wed","2236","MC","MN1C","387A ","","R","W","DO","L "," "," ","P","050","0","0","1","","","1762517","5907297",
"Auckland","MASTERTON ROAD","40","E"," ","KITEROA TERRACE","201532048","05/02/2015","Thu","1500","MO","CW1C","371A 930 ","M","R","D","B ","F ","D"," ","N","050","0","0","0","","","1755922","5934566",
"Auckland","MATAKANA ROAD",""," ","I","ANDERSON ROAD","201510715","31/01/2015","Sat","0720","DA","CN1","111A 131A 901 ","","S","W","O ","H ","T","G","C","080","0","1","0","","","1750985","5973827",
"Auckland","MATAKANA ROAD","870","W"," ","SHARP ROAD","201530841","25/01/2015","Sun","1035","GE","4E1C","387A 929 ","","R","D","BN","F ","D","N","C","080","0","0","0","","","1751955","5973659",
"Auckland","MAXWELTON DRIVE","40","E"," ","EAST COAST ROAD","201510716","29/01/2015","Thu","2251","EA","4W1C","104A 129A 330A 670B ","M","R","D","DO","F "," "," ","L","050","0","0","1","","","1755409","5932206",
"Auckland","MAY ROAD",""," ","I","DENBIGH AVENUE","201532040","01/02/2015","Sun","1201","HA","CW2CC","322B ","","R","D","B ","F ","X","T","C","050","0","0","0","","","1754637","5913896",
"Auckland","MAYORAL DRIVE",""," ","I","COOK ST","201510358","14/01/2015","Wed","1800","NE","CE2E","307A 357A ","","E","D","B ","F ","X","T","N","050","0","0","1","28","","1756988","5920099",
"Auckland","MEADOWLAND DRIVE",""," ","I","GOOCH PLACE","201530806","28/01/2015","Wed","1210","JA","VE1C","302B 353B 375B ","","E","D","BF","F ","T","G","P","050","0","0","0","","","1771775","5913036",
"Auckland","MEOLA ROAD","100","S"," ","VIEW ROAD","201531085","01/02/2015","Sun","2110","CB","CS1","132A ","T","R","W","DO","L "," ","N","C","050","0","0","0","","","","",
"Auckland","MIAMI AVENUE",""," ","I","OCEAN ROAD","201511206","11/02/2015","Wed","0730","MC","PN1C","330B 372B ","","R","D","B ","F ","T","N","C","050","0","0","1","","","","",
"Auckland","MICHAELS AVENUE","30","S"," ","WHITES WAY","201510123","04/01/2015","Sun","0350","EA","CN1C","101A 108A ","M","R","D","DO","F "," ","N","C","050","0","0","1","","","1762111","5915392",
"Auckland","MIDDLEFIELD DRIVE","25","S"," ","GILFORD PLACE","201510452","26/02/2015","Thu","","NA","TS1E","377A 711B 839 ","","E","D","B ","F ","T","N","N","050","0","1","0","11","","1770447","5909338",
"Auckland","MILL ROAD","400","N"," ","POPES ROAD","201510385","30/01/2015","Fri","1800","GD","MS1C","110A 333A 929 ","","R","D","B ","F ","D"," ","C","080","0","1","0","","","1772734","5900994",
"Auckland","MITCHELSON ST","50","E"," ","WOODBINE AVENUE","201531067","05/02/2015","Thu","1330","MO","CW1C","371A 929 ","M","R","D","OF","F ","D","N","C","050","0","0","0","","","1760449","5915605",
"Auckland","MOANA AVENUE",""," ","I","KEITH MORRIS LANE","201531081","03/02/2015","Tue","1006","DB","CW1C","133A 423A 930 ","","R","D","BF","F ","D","N","C","050","0","0","0","","","1751522","5949622",
"Auckland","MOIRE ROAD","150","N"," ","OREIL AVENUE","201530435","20/01/2015","Tue","1840","MC","CN1C","372B ","","R","D","TF","F "," ","N","C","050","0","0","0","","","1744991","5923624",
"Auckland","MOIRE ROAD",""," ","I","OREIL AVENUE","201531080","05/02/2015","Thu","0843","HA","CS1C","302B 375B ","","R","D","BF","F ","T","G","C","050","0","0","0","","","1744922","5923491",
"Auckland","MOKOIA ROAD","100","E"," ","BALMAIN ROAD","201530864","29/01/2015","Thu","1845","FD","CE1C","181A 817 ","","R","D","BF","F "," ","N","C","060","0","0","0","","","1752636","5924743",
"Auckland","MONUMENT ROAD","3000","S"," ","TOURIST ROAD","201511165","12/01/2015","Mon","1720","BB","VN1C","205A 404A ","","M","D","O ","F "," "," ","N","100","0","0","1","","","1782287","5899264",
"Auckland","MORNINGSIDE DRIVE","170","S"," ","EXETER ROAD","201532134","28/01/2015","Wed","1530","KA","CS1C","308B 375B 925 ","","R","W","BF","L ","D","N","C","050","0","0","0","","","1754400","5916830",
"Auckland","MORRIN ROAD",""," ","I","ELIZABETH KNOX PLACE","201511195","18/02/2015","Wed","0713","GD","TN1C","197A 331A 363A 902 ","","R","D","B ","F ","T","G","C","050","0","0","1","","","","",
"Auckland","MORTIMER PASS",""," ","I","BROADWAY","201531069","10/02/2015","Tue","1542","FE","CE1C","181A ","","R","D","BF","F ","T","T","C","050","0","0","0","","","1758383","5917894",
"Auckland","MORTON ST","50","N"," ","COOK ST","201530847","24/01/2015","Sat","2145","MO","CN1C","385A ","M","R","D","DO","F "," ","N","C","050","0","0","0","","","1756606","5920303",
"Auckland","MOTATAU ROAD","15","W"," ","PUKEKO PLACE","201530820","05/02/2015","Thu","0040","MC","VE1C","372B ","","M","W","DO","L ","T","N","L","050","0","0","0","","","1765552","5907675",
"Auckland","MOUNT ALBERT ROAD","50","E"," ","ERSON AVENUE","201510574","05/02/2015","Thu","1255","NG","VE1E","371A ","","R","D","B ","F "," "," ","P","050","0","0","1","41","","1758096","5913453",
"Auckland","MOUNT ALBERT ROAD",""," ","I","EUSTON ROAD","201532178","07/02/2015","Sat","1155","JA","MS1C","301B 375B ","","R","D","BF","F ","T","S","C","050","0","0","0","","","1753932","5915487",
"Auckland","MOUNT ALBERT ROAD","40","W"," ","MONS AVENUE","201532236","29/01/2015","Thu","0400","EA","CE1CC","129A 358A ","MM","R","D","DO","F "," "," ","P","050","0","0","0","","","1754899","5914536",
"Auckland","MOUNT ALBERT ROAD","50","E"," ","PAH ROAD","201531269","28/01/2015","Wed","1620","JA","CE1C","308B 927 ","","R","D","B ","F ","D","N","C","080","0","0","0","","","1757689","5913564",
"Auckland","MOUNT EDEN ROAD",""," ","I","BALMORAL ROAD","201530893","10/01/2015","Sat","1800","FE","CN1C","331A ","","R","D","BF","F ","X","T","C","050","0","0","0","","","1756824","5915901",
"Auckland","MOUNT EDEN ROAD","20","N"," ","DISRAELI ST","201531292","02/02/2015","Mon","1330","MC","MN1C","372B ","","E","D","B ","F "," "," ","C","050","0","0","0","","","1756938","5916513",
"Auckland","MOUNT EDEN ROAD","50","S"," ","ELLERTON ROAD","201510375","30/01/2015","Fri","1745","FE","CN1C","331A ","","R","D","B ","F "," ","T","C","050","0","0","1","","","1756717","5915503",
"Auckland","MOUNT EDEN ROAD",""," ","I","SHACKLETON ROAD","201510162","29/01/2015","Thu","0820","GB","SN1C","132A 142B 175B ","","R","D","B ","F ","T","S","C","050","0","0","1","","45","1756615","5915130",
"Auckland","MOUNT EDEN ROAD",""," ","I","SYLVAN AVENUE","201530422","22/01/2015","Thu","1932","AC","CS1C","330A 372A ","","E","D","TF","F ","T","S","P","050","0","0","0","","","1756908","5918184",
"Auckland","MOUNT WELLINGTON HIGHWAY","20","S"," ","MONAHAN ROAD","201530938","18/01/2015","Sun","0115","DB","CS1","111A 131A 357A ","T","E","W","DO","L ","R","G","P","050","0","0","0","","","1763998","5912035",
"Auckland","MOUNT WELLINGTON HIGHWAY",""," ","I","MONAHAN ROAD","201510264","05/02/2015","Thu","0445","LB","CS1C","302A 350A 375A ","","E","W","DO","L ","R","G","R","050","0","0","1","","","","",
"Auckland","MOUNT WELLINGTON HIGHWAY",""," ","I","MONAHAN ROAD","201532146","13/02/2015","Fri","1818","HA","CW2C","302A 375A ","","R","D","BF","F ","R","G","R","050","0","0","0","","","1764008","5912072",
"Auckland","MOUNT WELLINGTON HIGHWAY","50","S"," ","MT WGTN ON NBD S","201530461","30/01/2015","Fri","1400","AC","CE1C","372A 386A ","","R","D","B ","F "," ","N","C","060","0","0","0","","","1763930","5912349",
"Auckland","MOUNT WELLINGTON HIGHWAY",""," ","I","PENROSE ROAD","201532311","15/02/2015","Sun","1620","FE","CN1CC","112A 181A ","","R","D","O ","F ","X","T","C","050","0","0","0","","","1763813","5913698",
"Auckland","MOUNT WELLINGTON HIGHWAY","10","S"," ","ROSLYN ROAD","201510134","01/01/2015","Thu","0023","BE","CS1C","125A 410A ","","R","W","DO","L ","T","S","R","050","0","0","1","","","1763744","5913574",
"Auckland","MOUNT WELLINGTON HIGHWAY","50","S"," ","ROSLYN ROAD","201531028","07/01/2015","Wed","1722","JA","CN1C","308B 314B 377B 925 ","","R","D","BF","F ","D","N","C","050","0","0","0","","","1763727","5913538",
"Auckland","MOUNTAIN ROAD",""," ","I","CORONATION ST","201532320","30/01/2015","Fri","0925","FB","CN2C","181A ","","R","D","O ","F ","T","G","C","050","0","0","0","","","","",
"Auckland","MOUNTAIN ROAD",""," ","I","JELLICOE ROAD","201530731","19/01/2015","Mon","1710","FE","CN1S","181A ","","R","D","B ","F ","T","T","C","080","0","0","0","","","1765009","5914901",
"Auckland","MULLINS ROAD","380","N"," ","PAPAKURA-CLEVEDON ROAD","201530429","18/01/2015","Sun","0630","DA","4S1","111A 131A ","T","M","D","B ","F "," ","N","C","100","0","0","0","","","1777054","5899162",
"Auckland","MURIWAI VALLEY ROAD","300","S"," ","TAIAPA ROAD","201532192","23/01/2015","Fri","2205","DA","CN1","103A 111A 131A ","","M","D","DN","F "," ","N","C","100","0","0","0","","","1731244","5924063",
"Auckland","MUSICK POINT ROAD","400","N"," ","CLOVELLY ROAD","201531391","10/02/2015","Tue","2300","MO","CN1C","512B 514B ","","R","D","DN","F "," "," ","N","050","0","0","0","","","1769454","5919529",
"Auckland","NEILSON ST","40","E"," ","ALFRED ST E","201531413","20/02/2015","Fri","0533","DB","CE1C","111A 131A ","","E","D","B ","F "," ","N","C","050","0","0","0","","","1759921","5911768",
"Auckland","NEILSON ST","20","E"," ","ALFRED ST W","201530364","17/01/2015","Sat","1710","BF","CE1C","131A 801 ","","E","W","O ","L "," "," ","C","050","0","0","0","","","1759872","5911791",
"Auckland","NEILSON ST",""," ","I","ANGLE ST","201531042","15/01/2015","Thu","0629","AB","CE1C","133A 151A 197A ","","R","D","BF","F ","T","G","C","050","0","0","0","","","1760817","5911863",
"Auckland","NELSON ST",""," ","I","UNION ST","201532435","02/02/2015","Mon","1130","GF","CW2C","129A 176A ","","E","D","B ","F ","M","T","C","050","0","0","0","","","1756679","5919909",
"Auckland","NELSON ST",""," ","I","VICTORIA ST WEST","201531099","05/02/2015","Thu","0006","HA","CE1CC","322A 514A ","","R","W","DO","L ","X","T","N","050","0","0","0","","","1756928","5920586",
"Auckland","NEW NORTH ROAD",""," ","I","ASQUITH AVENUE","201510389","11/01/2015","Sun","1407","JA","SN1C","301B 375B ","","S","D","B ","F ","T","S","R","050","0","1","0","","30","1753062","5916788",
"Auckland","NEW NORTH ROAD","100","N"," ","BOLLARD AVENUE","201531974","10/01/2015","Sat","2139","FA","CN1C","103A 181A ","","R","D","DO","F "," ","N","C","050","0","0","0","","","1751991","5915560",
"Auckland","NEW NORTH ROAD",""," ","I","BOLLARD AVENUE","201531018","07/01/2015","Wed","2125","JA","CS1C","301B 353B 375B ","F","R","D","DO","F ","X","S","C","050","0","0","0","","","1751925","5915485",
"Auckland","NEW NORTH ROAD","15","S"," ","CENTRAL ROAD","201531076","05/02/2015","Thu","1455","EA","CN1C","129A ","M","R","D","BF","F "," ","N","C","050","0","0","0","","","1755530","5917910",
"Auckland","NEW NORTH ROAD","150","W"," ","CENTRAL ROAD","201532126","26/01/2015","Mon","2014","AD","CE1","103A 130A 150A ","IP","R","D","OF","F "," ","N","R","050","0","0","0","","","1755403","5917865",
"Auckland","NEW NORTH ROAD",""," ","I","HENDON AVENUE","201530874","27/01/2015","Tue","1000","KB","CN1V","322B ","","R","D","BF","F ","X","T","C","050","0","0","0","","","1752008","5915580",
"Auckland","NEW NORTH ROAD","150","E"," ","KORARI ST","201531054","09/01/2015","Fri","1200","EE","CW1C","374B ","M","R","D","BF","F "," ","N","C","050","0","0","0","","","1756893","5918610",
"Auckland","NEW NORTH ROAD","20","E"," ","MORNINGSIDE DRIVE","201531009","30/01/2015","Fri","1800","LB","CW1C","303B 314B 377B 929 ","","R","D","BF","F ","D","N","P","050","0","0","0","","","1754796","5917723",