"TLA NAME","CRASH ROAD","CRASH DIST","CRASH DIRN","INTSN","SIDE ROAD","CRASH ID","CRASH DATE","CRASH DOW","CRASH TIME","MVMT","VEHICLES","CAUSES","OBJECTS STRUCK","ROAD CURVE","ROAD WET","LIGHT","WTHRa","JUNC TYPE","TRAF CTRL","ROAD MARK","SPD LIM","CRASH FATAL CNT","CRASH SEV CNT","CRASH MIN CNT","PERS AGE1","PERS AGE2","EASTING","NORTHING"
"Auckland","ROSEBANK ROAD","110","S"," ","TIMOTHY PLACE","201510161","23/01/2015","Fri","1049","GA","TS1C","181A 142B 927 ","","R","D","B ","F ","D","N","C","050","0","0","2","","","1748831","5917481",
"Auckland","ROSEBANK ROAD",""," ","I","TIMOTHY PLACE","201531833","22/01/2015","Thu","0758","LB","SN1C","303B 314B 330B ","","R","D","B ","F ","T","G","P","050","0","0","0","","","1748824","5917590",
"Auckland","ROSEDALE ROAD",""," ","I","BLUESTONE RISE","201532180","21/02/2015","Sat","2348","FB","CW1C","103A 181A ","","R","D","DO","F ","R","G","R","050","0","0","0","","","1752590","5932430",
"Auckland","ROWANDALE AVENUE",""," ","I","AARTS AVENUE","201531016","08/01/2015","Thu","0233","DA","CN1","111A 131A 514A ","IP","R","D","DO","F ","T","G","R","050","0","0","0","","","1766819","5900636",
"Auckland","ROYAL ROAD",""," ","I","MAKORA ROAD","201531038","05/01/2015","Mon","1359","DB","CN2","131A 501A ","F","R","D","BF","F ","T","T","N","050","0","0","0","","","1744317","5922551",
"Auckland","ROYAL ROAD",""," ","A","ROYAL OBR","201532363","18/02/2015","Wed","2348","DB","4W1","101A 131A 359A ","FK","E","D","DO","F "," "," ","C","050","0","0","0","","","","",
"Auckland","RUSSELL ROAD",""," ","I","DEVERON ROAD","201532329","25/02/2015","Wed","1510","JA","CE1C","301B 402B ","","R","D","B ","F ","T","S","C","050","0","0","0","","","1767421","5901175",
"Auckland","RUSSELL ROAD","80","N"," ","LUPTON ROAD","201531856","12/02/2015","Thu","1020","MG","CS1C","371B ","","E","D","O ","F "," "," ","C","050","0","0","0","","","1768281","5900770",
"Auckland","RYAN PLACE","15","W"," ","GREAT SOUTH ROAD","201530346","30/01/2015","Fri","1625","MO","CE1C","386A ","M","R","D","B ","F "," "," ","C","060","0","0","0","","","1767292","5905107",
"Auckland","SADDLEBACK RISE","110","N"," ","SUNRISE AVENUE","201531398","15/02/2015","Sun","1219","DA","CN1","131A ","T","M","D","B ","F "," "," ","C","050","0","0","0","","","1755521","5933235",
"Auckland","SALEYARDS ROAD","100","N"," ","PORTAGE ROAD","201510394","21/01/2015","Wed","0825","FD","TN1CC","331A 352A ","","R","D","B ","F "," "," ","C","050","0","0","1","","","1763443","5910523",
"Auckland","SALEYARDS ROAD","40","S"," ","PORTAGE ROAD","201510455","14/02/2015","Sat","1525","CB","CN1","129A 504A ","T","R","D","B ","F "," ","N","P","050","0","0","1","","","1763440","5910582",
"Auckland","SANDRINGHAM ROAD",""," ","I","CAMBOURNE ROAD","201532041","03/02/2015","Tue","1755","LB","CS1C","209A 303B 377B ","","R","D","O ","F ","X","S","C","050","0","0","0","","","1755016","5916811",
"Auckland","SANDRINGHAM ROAD","5","S"," ","GROVE ROAD","201531830","19/01/2015","Mon","1645","FA","CN1C","181A 331A ","","R","D","B ","F ","T","G","C","050","0","0","0","","","1754872","5916288",
"Auckland","SANDRINGHAM ROAD",""," ","I","KENNETH AVENUE","201531168","25/02/2015","Wed","0717","JA","CN1C","301B 377B 830 ","","R","D","B ","F ","X","S","C","050","0","0","0","","","1755098","5917102",
"Auckland","SANDRINGHAM ROAD","20","S"," ","NEW NORTH ROAD","201511215","01/03/2015","Sun","1052","AC","CN1M","381A 137B ","K","E","D","B ","F "," "," ","R","050","0","0","1","","","","",
"Auckland","SANDRINGHAM ROAD",""," ","I","WILLIAM BLOFIELD AVENUE","201531903","14/01/2015","Wed","1250","GE","CN1C","333A 387A ","","R","D","BF","F ","X","T","P","050","0","0","0","","","1754016","5914425",
"Auckland","SANDSPIT ROAD","350","N"," ","MATAKANA ROAD","201530975","17/01/2015","Sat","1621","DA","CS1","111A 131A 632A ","T","M","W","B ","L "," "," ","C","080","0","0","0","","","1749180","5971055",
"Auckland","SANDSPIT ROAD",""," ","I","PARK LANE","201530362","27/01/2015","Tue","1500","KB","VW1C","302B 507B ","FX","E","D","B ","F ","T","G","C","080","0","0","0","","","","",
"Auckland","SARTORS AVENUE","30","W"," ","ROBIN LANE","201532316","25/02/2015","Wed","1510","EA","TW1C","129A ","M","E","D","B ","F "," "," ","C","050","0","0","0","","","1754810","5935275",
"Auckland","SCANLAN ST","70","N"," ","GREAT NORTH ROAD","201531983","08/02/2015","Sun","0820","MO","CS1C","371A ","M","R","D","BF","F "," ","N","C","050","0","0","0","","","1755887","5919007",
"Auckland","SCHOOL ROAD",""," ","I","VODANOVICH ROAD","201532117","24/02/2015","Tue","0800","HA","VW1CCC","301B 382B ","","R","D","BF","F ","X","S","L","050","0","0","0","","","1746025","5918713",
"Auckland","SEAVIEW ROAD","270","W"," ","RAYNER ROAD","201531057","16/01/2015","Fri","0030","DB","CS1","103A 111A 131A ","","M","D","DN","F "," ","N","C","050","0","0","0","","","1731134","5908858",
"Auckland","SELWYN ST",""," ","I","ARTHUR ST","201510058","07/01/2015","Wed","1800","HA","CN1C","321B 350B ","","R","D","O ","F ","X","S","R","050","0","0","1","","","1758802","5912416",
"Auckland","SETTLEMENT ROAD",""," ","I","MARNE ROAD","201530880","03/02/2015","Tue","1840","FB","4E2C","181A ","","R","D","BF","F ","R","G","N","050","0","0","0","","","1773468","5895842",
"Auckland","SH 18",""," ","I","UPPER HWY OFF NBD","201531681","03/02/2015","Tue","1633","GE","CW1B","160A 173A ","","R","D","B ","F ","X","T","C","050","0","0","0","","","","",
"Auckland","SH 1N","200","S"," ","BAWDEN OBR","201531324","30/01/2015","Fri","1505","QG","TS1C","330A 682A 198B ","D","R","D","B ","F "," "," ","C","100","0","0","0","","","","",
"Auckland","SH 1N","180","S"," ","KHYBER PASS OBR","201510223","12/01/2015","Mon","1052","FE","VS1C","181A ","","E","D","BF","F "," ","T","C","080","0","0","1","","","","",
"Auckland","SH 1N","1500","N"," ","MANUREWA OFF SBD","201532461","27/02/2015","Fri","1100","FA","TS1C","181A ","","R","D","B ","F "," "," ","C","100","0","0","0","","","","",
"Auckland","SH 1N","60","S"," ","OTEHA VALLEY ROAD","201531972","10/01/2015","Sat","1320","CA","TN1C","650A 660A 820 ","D","R","D","BF","F "," ","N","R","100","0","0","0","","","","",
"Auckland","SH 1N","300","N"," ","PANAMA OBR","201511218","26/02/2015","Thu","0822","AA","CN1M","372A ","","E","D","B ","F "," "," ","C","100","0","1","0","","","","",
"Auckland","SH 1N",""," ","I","PUHOI ROAD","201511201","18/02/2015","Wed","1733","HA","CN2M","301A 330A 402A ","","E","D","B ","F ","T","S","C","100","0","0","1","","","","",
"Auckland","SH 1N","20","S"," ","RAMARAMA IN SBD","201531396","04/02/2015","Wed","1516","CA","CS1","130A ","G","R","W","O ","L "," "," ","C","100","0","0","0","","","","",
"Auckland","SH 1N","20","N"," ","REDOUBT OBR","201531863","13/02/2015","Fri","1617","FD","4S1CC","181A 181B ","","R","D","O ","F "," "," ","C","100","0","0","0","","","","",
"Auckland","SH 1N","20","S"," ","TAKANINI OBR","201510821","15/02/2015","Sun","1742","FD","CS1C","181A 331A ","","R","D","O ","F "," "," ","C","100","0","0","1","","","","",
"Auckland","SH 1N","300","N"," ","TRISTRAM OBR","201511192","05/03/2015","Thu","1555","FA","CN1C","181A 331A ","","R","D","B ","F "," "," ","C","100","0","0","1","","","","",
"Auckland","SH 1N","400","S"," ","TRISTRAM OFF NBD","201511191","04/03/2015","Wed","1545","CA","MN1","132A 191A 197A ","","R","D","O ","F "," "," ","C","100","0","0","1","","","","",
"Auckland","SH 1N","1000","S"," ","WAIWHIU CONICAL PEAK ROAD","201532191","16/02/2015","Mon","1600","DA","TS1","135A 400A ","T","E","W","ON","L "," ","N","L","080","0","0","0","","","","",
"Auckland","SH 1N","2000","S"," ","WALTER STEVENS OBR","201532230","19/02/2015","Thu","0900","FD","CN1CCC","181A 181B 181C 181D ","","R","D","O ","F "," "," ","C","100","0","0","0","","","","",
"Auckland","SH 1N",""," ","A","WALTER STEVENS OBR","201531866","13/02/2015","Fri","1441","CA","VN1T","130A 191A ","","R","D","B ","F "," "," ","C","100","0","0","0","","","","",
"Auckland","SH 1N",""," ","I","WECH DRIVE","201531077","15/02/2015","Sun","1341","GD","VN1C","181A 333A ","","E","D","BF","F ","T","G","L","060","0","0","0","","","","",
"Auckland","SH 1N","200","S"," ","WILKS ROAD","201532351","24/02/2015","Tue","1738","CC","4S1","198A ","V","R","D","B ","F "," "," ","C","100","0","0","0","","","","",
"Auckland","SH 1S","500","S"," ","OTARA ON SBD","201511202","03/03/2015","Tue","1448","AC","TS1V","129A 330A 350A ","","E","D","O ","F "," "," ","C","100","0","0","1","","","","",
"Auckland","SH 20A",""," ","I","JOHN GOULTER DRIVE","201531010","04/02/2015","Wed","1330","HA","CW2T","302A 375A ","","E","W","OF","L ","R","G","R","050","0","0","0","","","1759079","5903816",
"Auckland","SHARKEY ST","100","N"," ","RONWOOD AVENUE","201530882","31/01/2015","Sat","1230","MF","CN1C","371B ","","R","D","BF","F "," ","N","C","050","0","0","0","","","1767152","5904657",
"Auckland","SHIRLEY ROAD","50","N"," ","CORONATION ROAD","201532324","25/02/2015","Wed","0830","FD","CS1CC","181A 423A 181B ","","R","D","B ","F "," "," ","L","050","0","0","0","","","1764675","5905934",
"Auckland","SHORE ROAD","100","E"," ","ARNEY ROAD","201510064","17/01/2015","Sat","1635","GD","VE1CC","181A 331A 929 ","","R","D","B ","F ","D"," ","C","050","0","0","1","","","1759638","5918583",
"Auckland","SIMPSON ROAD",""," ","I","METCALFE ROAD","201532314","01/03/2015","Sun","1637","DA","CW2","103A 131A ","X","E","D","B ","F ","T","S","C","050","0","0","0","","","1742339","5917809",
"Auckland","SLIP","5","N"," ","SPENBROOKE ROAD","201532291","19/02/2015","Thu","0700","EA","CN1C","129A 130A ","M","R","D","B ","F ","T","G","C","060","0","0","0","","","1770053","5908737",
"Auckland","SLIP ROAD TAUHINU","100","E"," ","TAUHINE ROAD","201510262","17/01/2015","Sat","2124","BE","CN1C","104A 129A ","","R","W","DO","L "," ","N","C","050","0","0","1","","","","",
"Auckland","SMALES ROAD","30","E"," ","HARRIS ROAD","201531711","18/02/2015","Wed","1505","JA","CW1C","308B 929 ","","R","D","B ","F ","D","N","C","050","0","0","0","","","1768653","5909747",
"Auckland","SOUTH HEAD ROAD",""," ","I","PARKHURST ROAD","201510172","01/01/2015","Thu","0746","DA","VE1","103A 111A ","CTV","M","D","B ","F ","T","G","C","100","0","0","1","","","1727085","5942916",
"Auckland","SOUTH-EASTERN HIGHWAY",""," ","I","GREAT SOUTH ROAD","201510380","02/01/2015","Fri","1220","HA","4E1S","377A 324B ","","R","D","B ","F ","X","T","R","050","0","0","1","","26","1762491","5912772",
"Auckland","ST ANDREWS ROAD",""," ","I","GORRIE AVENUE","201530373","13/01/2015","Tue","0750","JA","CS1C","302B ","S","R","D","B ","F ","T","G","C","050","0","0","0","","","1756953","5914201",
"Auckland","ST GEORGE ST","20","W"," ","GREAT SOUTH ROAD","201532162","08/02/2015","Sun","1028","MG","CW1C","512B 514B ","","R","D","BF","F "," ","N","C","050","0","0","0","","","1765953","5906397",
"Auckland","ST GEORGE ST","100","N"," ","KINGSWOOD ROAD","201530814","04/02/2015","Wed","2156","EA","CS1C","103A 129A ","M","R","W","DO","F "," ","N","C","050","0","0","0","","","1765873","5906284",
"Auckland","ST GEORGES BAY ROAD","80","S"," ","GARFIELD ST","201531041","02/01/2015","Fri","1015","CC","CS1","102A 130A 517A ","F","R","D","BF","F "," ","N","N","050","0","0","0","","","1758919","5919982",
"Auckland","ST JUDE ST",""," ","I","GREAT NORTH ROAD","201530836","15/01/2015","Thu","1800","FB","CN1C","181A ","","R","D","BN","F ","R","G","R","050","0","0","0","","","1751202","5915036",
"Auckland","ST LUKES ROAD",""," ","I","LINWOOD AVENUE","201530854","03/02/2015","Tue","1050","FD","4S1C","427A ","","R","D","BF","F ","T","S","P","050","0","0","0","","","1753802","5917877",
"Auckland","ST LUKES ROAD",""," ","I","MORNINGSIDE DRIVE","201530871","18/01/2015","Sun","0545","FE","CN1C","181A ","","R","D","BF","F ","X","T","C","050","0","0","0","","","1754325","5916746",
"Auckland","ST LUKES ROAD",""," ","I","ST LUKES OFF WBD","201531322","29/01/2015","Thu","0436","CA","CW2","103A 112A 130A 402A ","IP","R","D","DO","F ","T","G","R","100","0","0","0","","","1753826","5918247",
"Auckland","ST LUKES ROAD",""," ","I","TAYLORS ROAD","201531973","18/01/2015","Sun","1410","KA","CN1C","301B 353B 377B ","","R","D","BF","F ","X","S","R","050","0","0","0","","","1754197","5916958",
"Auckland","ST MARTINS LANE S",""," ","I","SYMONDS ST","201530867","22/01/2015","Thu","1700","JA","CS2C","309B 377B ","","R","D","BF","F ","T","N","C","050","0","0","0","","","1757281","5919467",
"Auckland","ST STEPHENS AVENUE",""," ","I","BRIGHTON ROAD","201511128","11/02/2015","Wed","1110","KA","SS1C","302B 375B ","","R","D","B ","F ","T","G","R","050","0","0","1","","63","1759051","5919348",
"Auckland","STANCOMBE ROAD",""," ","I","TOPLAND DRIVE","201530830","13/01/2015","Tue","1657","CB","CE1C","136A 631A ","M","R","D","BF","F ","T","G","P","060","0","0","0","","","1771250","5907820",
"Auckland","STANNILAND ST","40","S"," ","HEDGE ROW S","201530881","01/02/2015","Sun","2200","EA","CS1C","129A ","M","R","W","DO","L "," ","N","C","050","0","0","0","","","1768658","5914616",
"Auckland","STATION ROAD","15","S"," ","CARLTON ROAD","201532118","17/02/2015","Tue","1118","MB","4N1C","303B 352B 375B ","","E","D","BF","F "," ","N","C","050","0","0","0","","","1769560","5880883",
"Auckland","STATION ROAD","30","W"," ","GREAT SOUTH ROAD","201531906","14/01/2015","Wed","1615","MA","CE1C","373B ","","R","D","BF","F "," ","N","C","050","0","0","0","","","","",
"Auckland","STATION ROAD","15","W"," ","ST GEORGE ST","201532328","08/02/2015","Sun","0030","AC","CE1C","104A 372A ","","E","D","DO","F "," "," ","C","050","0","0","0","","","","",
"Auckland","STODDARD ROAD","10","S"," ","DENIZE ROAD","201530859","30/01/2015","Fri","1522","MA","CS1T","373B ","","R","D","BF","F ","T","S","C","050","0","0","0","","","1753530","5914662",
"Auckland","STODDARD ROAD","50","S"," ","MAIORO ST","201530421","19/01/2015","Mon","1310","FA","SS1C","112A 181A ","","R","D","B ","F "," ","N","C","050","0","0","0","","","1753722","5914524",
"Auckland","STURDEE ROAD","100","N"," ","MARTIN ROAD","201531058","13/02/2015","Fri","1506","EA","CN1C","663A ","M","R","D","BF","F "," ","N","C","050","0","0","0","","","1767678","5902015",
"Auckland","STURGES ROAD",""," ","I","SAN BERNADINO DRIVE","201532365","02/02/2015","Mon","1005","HA","CN1C","302A ","","E","D","B ","F ","R","G","R","050","0","0","0","","","","",
"Auckland","STURGES ROAD",""," ","I","SWANSON ROAD","201530730","19/01/2015","Mon","","FE","CE14","181A 330A ","","R","D","B ","F ","T","T","C","050","0","0","0","","","1744776","5917939",
"Auckland","STURGES ROAD",""," ","I","SWANSON ROAD","201532364","24/02/2015","Tue","2235","BB","CE2C","103A 124A ","","E","D","DO","F ","T","T","L","050","0","0","0","","","","",
"Auckland","SUBWAY ROAD","30","E"," ","GREAT SOUTH ROAD","201532460","26/02/2015","Thu","1525","JA","CW1C","308B 925 ","","R","D","B ","F ","D"," ","C","050","0","0","0","","","","",
"Auckland","SUNNYBRAE ROAD","40","N"," ","MARYWIL CRESCENT","201531051","21/01/2015","Wed","1850","FD","CN1C","181A ","","R","D","BF","F "," ","N","L","050","0","0","0","","","1755564","5927196",
"Auckland","SUNNYBRAE ROAD","15","S"," ","MARYWIL CRESCENT","201531914","01/01/2015","Thu","1840","CB","CS1C","129A 359A ","M","R","D","BF","F "," ","N","P","050","0","0","0","","","1755600","5927155",
"Auckland","SUNNYSIDE ROAD",""," ","I","SUNHILL ROAD","201531335","30/01/2015","Fri","1915","DA","CW1C","130A 353A 402A 831 ","M","M","D","O ","F ","T","N","C","050","0","0","0","","","1746300","5914871",
"Auckland","SUNSET ROAD","100","E"," ","RAMP ROAD","201532049","05/02/2015","Thu","1642","MA","CE14","373B 671B ","","R","D","O ","F "," "," ","C","050","0","0","0","","","1754829","5931357",
"Auckland","SUNSET ROAD","200","W"," ","RAMP ROAD","201530952","15/01/2015","Thu","1630","JA","CS1C","308B 377B 839 929 ","","R","D","B ","F ","D","N","C","050","0","0","0","","","1754568","5931217",
"Auckland","SUNSET ROAD",""," ","I","TRIAS ROAD","201530876","21/01/2015","Wed","0845","KB","CN1C","302B 375B ","","E","D","BF","F ","T","G","C","050","0","0","0","","","1753831","5930313",
"Auckland","SUNVUE ROAD","40","S"," ","WEST COAST ROAD","201532161","02/02/2015","Mon","1444","EA","CN1C","387A 929 ","M","R","D","BF","F ","D","N","C","050","0","0","0","","","1745666","5913892",
"Auckland","SURREY CRESCENT",""," ","I","GREAT NORTH ROAD","201530949","09/01/2015","Fri","1800","FE","CS1C","181A 331A ","","E","D","B ","F ","T","T","P","050","0","0","0","","","1754857","5918760",
"Auckland","SUTTON CRESCENT",""," ","I","GREAT SOUTH ROAD","201532323","05/01/2015","Mon","1000","BF","CN2V","111A 131A 517A ","","R","D","O ","F ","T","T","C","050","0","0","0","","","1765734","5906735",
"Auckland","SUTTON CRESCENT",""," ","I","ROLLERSON ST S","201510386","09/01/2015","Fri","0200","BB","CW1C","111A 124A 514A 517A ","FF","R","D","DO","F ","T","S","C","050","0","1","2","","","1774280","5896634",
"Auckland","SWAFFIELD ROAD","100","N"," ","MCLEAN AVENUE N","201530254","26/01/2015","Mon","0800","CB","CN1C","103A 130A 410A 430A ","M","R","D","O ","F "," "," ","C","050","0","0","0","","","1764190","5906906",
"Auckland","SWAFFIELD ROAD","80","S"," ","MIDDLEMORE CRESCENT N","201531136","20/02/2015","Fri","1030","BA","CS1V","125A 386A 839 ","","R","D","O ","F "," ","N","C","050","0","0","0","","","1764023","5907200",
"Auckland","SWANSON ROAD",""," ","I","DON BUCK ROAD","201531046","29/01/2015","Thu","0700","AA","ME1C","381A ","","R","D","BF","F ","R","G","C","050","0","0","0","","","1743668","5919381",
"Auckland","SWANSON ROAD","30","S"," ","LARNOCH ROAD","201531964","03/01/2015","Sat","1344","JC","CS1C","308A 375A 925 ","","R","D","OF","F ","D","N","C","050","0","0","0","","","1743929","5919031",
"Auckland","SWANSON ROAD",""," ","I","METCALFE ROAD","201532141","13/02/2015","Fri","1550","FB","TN1C","331A 353A 387A ","","R","D","BF","F ","R","G","R","050","0","0","0","","","1743806","5919222",
"Auckland","SWANSON ROAD",""," ","I","RATHGAR ROAD","201532167","25/01/2015","Sun","1322","FE","CW14","181A ","","R","D","BF","F ","T","T","C","050","0","0","0","","","1744434","5918200",
"Auckland","SYLVIA PARK ROAD",""," ","I","PACIFIC RISE","201531137","18/02/2015","Wed","1600","LB","CE1C","303B 377B 830 ","","R","D","B ","F ","T","G","C","050","0","0","0","","","1763787","5912170",
"Auckland","SYMONDS ST",""," ","I","ALTEN ROAD","201531088","29/01/2015","Thu","1520","FE","CN1MC","181A ","","R","D","BF","F ","X","T","C","050","0","0","0","","","1758018","5920277",
"Auckland","SYMONDS ST","40","S"," ","KHYBER PASS ROAD","201532172","03/02/2015","Tue","1952","AA","CS1C","372A ","","R","D","BF","F "," ","N","C","050","0","0","0","","","1756963","5918751",
"Auckland","SYMONDS ST","50","S"," ","WATERLOO QUADRANT","201531068","01/02/2015","Sun","1630","FF","CN1C","181A 191B ","","R","D","BF","F "," ","N","C","050","0","0","0","","","1757983","5920242",
"Auckland","TAHAROTO ROAD",""," ","I","NORTHCOTE ROAD","201532258","23/02/2015","Mon","1755","FA","CE2C","181A ","","E","D","O ","F ","X","G","C","050","0","0","0","","","1756718","5927483",
"Auckland","TAHAROTO ROAD",""," ","I","SHAKESPEARE ROAD","201530863","05/02/2015","Thu","1248","MG","CN1O","371B ","","R","D","BF","F ","X","T","C","050","0","0","0","","","1756431","5927790",
"Auckland","TAKANINI OFF NBD",""," ","I","GREAT SOUTH ROAD","201531056","08/01/2015","Thu","1250","FB","CE1C","181A ","","R","D","OF","F ","T","G","R","060","0","0","0","","","","",
"Auckland","TAKANINI OFF NBD",""," ","I","GREAT SOUTH ROAD","201531967","10/01/2015","Sat","1445","FB","CE1C","181A ","","R","D","BF","F ","T","G","N","050","0","0","0","","","","",
"Auckland","TAKANINI OFF SBD","100","S"," ","SH 1N","201532107","17/02/2015","Tue","0726","DB","CS1","131A ","G","M","W","OF","F "," ","N","N","080","0","0","0","","","1769935","5899408",
"Auckland","TAMAKI DRIVE","400","E"," ","HAPIMANA ST","201511131","01/01/2015","Thu","1425","EE","SS1C","525B ","M","R","D","B ","F "," "," ","P","050","0","0","1","","31","1762746","5920796",
"Auckland","TAMAKI DRIVE",""," ","I","NGAPIPI ROAD","201530368","16/01/2015","Fri","1545","KB","CE1C","302B ","","R","D","O ","F ","T","G","R","050","0","0","0","","","1760965","5919957",
"Auckland","TAMAKI DRIVE",""," ","I","PATTESON AVENUE","201531831","14/01/2015","Wed","1440","FE","CE1CC","130A 501A ","","R","D","B ","F ","T","T","C","050","0","0","0","","","1763318","5920389",
"Auckland","TAMAKI DRIVE","130","E"," ","SAGE ROAD","201530334","20/01/2015","Tue","1938","DA","CW1C","103A 131A 351A ","M","E","D","B ","F "," "," ","C","050","0","0","0","","","1764759","5920091",
"Auckland","TAMAKI DRIVE","150","E"," ","SOLENT ST","201531415","18/02/2015","Wed","0955","EA","CE1CC","386A 433C ","M","R","D","B ","F "," ","N","N","050","0","0","0","","","1759535","5920512",
"Auckland","TAMAKI DRIVE","50","E"," ","WATENE CRESCENT","201530969","04/01/2015","Sun","","MO","4E1C","330A 371A ","","R","D","B ","F "," "," ","C","050","0","0","0","","","1761877","5920043",
"Auckland","TARGET ROAD","80","E"," ","CHEVAL DRIVE","201532319","04/02/2015","Wed","0830","JA","CW1C","308B 929 ","","R","D","B ","F ","D","N","C","050","0","0","0","","","1754180","5930094",
"Auckland","TARGET ROAD","100","E"," ","CHEVAL DRIVE","201510372","26/01/2015","Mon","0339","CC","CW1CCC","103A 410A ","M","R","D","DO","F "," "," ","C","050","0","0","1","","","1754200","5930092",
"Auckland","TARGET ROAD","120","E"," ","SUNSET ROAD","201510532","14/01/2015","Wed","0610","LB","ME1C","303B 922 ","","R","D","O ","F ","D","N","C","050","0","0","1","","","1753953","5930163",
"Auckland","TASMAN ST","120","E"," ","HELVETIA ROAD","201530431","30/01/2015","Fri","1536","DB","CE1C","111A 514A 517A ","FM","E","D","B ","F "," ","N","N","050","0","0","0","","","1767851","5881617",
"Auckland","TAUPAKI ROAD","500","N"," ","AMREINS ROAD","201531233","12/01/2015","Mon","1035","DA","4S1","131A 350A ","V","E","D","B ","F "," "," ","C","070","0","0","0","","","1739361","5924526",
"Auckland","TE ATATU OFF WBD",""," ","I","TE ATATU ROAD","201532227","12/02/2015","Thu","1610","FB","CW1C","181A 517A ","","M","D","B ","F ","T","G","N","070","0","0","0","","","1747291","5919532",
"Auckland","TE ATATU ROAD","20","S"," ","KOKIRI ST","201532045","16/01/2015","Fri","1536","EA","CN1C","129A ","M","R","D","O ","F "," "," ","C","050","0","0","0","","","1746704","5917130",
"Auckland","TE ATATU ROAD","120","S"," ","MCLEOD ROAD","201530839","19/01/2015","Mon","1030","EA","CN14","129A ","M","R","D","BF","F "," ","N","P","050","0","0","0","","","1746758","5917472",
"Auckland","TE ATATU ROAD","100","S"," ","TAIKATA ROAD","201511216","27/02/2015","Fri","1150","ME","CN1C","303B ","","R","D","B ","F "," "," ","C","050","0","0","1","","","","",
"Auckland","TE ATATU ROAD","150","S"," ","TAIKATA ROAD","201531082","01/02/2015","Sun","1953","MO","CN1C","371A ","","R","W","DO","L "," ","N","C","050","0","0","0","","","1747272","5921314",
"Auckland","TE ATATU ROAD",""," ","I","TE ATATU OFF WBD N","201530036","06/01/2015","Tue","2100","JC","CS1C","322A 350A ","","E","D","DO","F ","X","T","C","030","0","0","0","","","1747292","5919582",
"Auckland","TE IRIRANGI DRIVE",""," ","I","ACCENT DRIVE","201532187","20/02/2015","Fri","1635","FE","CS1C","410A ","","R","D","BF","F ","T","T","R","080","0","0","0","","","1769615","5908511",
"Auckland","TE IRIRANGI DRIVE","20","N"," ","DAWSON ROAD","201511219","06/03/2015","Fri","1340","AC","CS1C","372A 801 ","","R","W","O ","L "," "," ","R","060","0","0","1","","","","",
"Auckland","TE IRIRANGI DRIVE",""," ","I","GREAT SOUTH ROAD","201531208","17/01/2015","Sat","1530","FB","CS1C","181A 331A ","","E","W","B ","F ","T","G","C","060","0","0","0","","","1767437","5904926",
"Auckland","TE IRIRANGI DRIVE",""," ","I","HAVEN DRIVE","201530889","02/02/2015","Mon","1020","FE","CN1C","181A ","","R","D","OF","F ","X","T","C","050","0","0","0","","","1770112","5910696",
"Auckland","TE IRIRANGI DRIVE",""," ","I","HOLLYFORD DRIVE","201530883","04/02/2015","Wed","1640","FE","TE1C","181A 330A ","","R","W","OF","L ","X","T","C","050","0","0","0","","","1768661","5905312",
"Auckland","TE IRIRANGI DRIVE","70","S"," ","ORMISTON ROAD","201530458","27/01/2015","Tue","1100","MO","CS1C","371A 371B ","","R","D","B ","F "," ","N","C","050","0","0","0","","","1769308","5907392",
"Auckland","TE IRIRANGI DRIVE",""," ","I","TI RAKAU DRIVE","201531829","18/01/2015","Sun","1145","FA","CN1C","181A 331A ","","R","D","B ","F ","X","T","C","050","0","0","0","","","1770324","5911308",
"Auckland","TE IRIRANGI DRIVE",""," ","I","TI RAKAU DRIVE","201530812","27/01/2015","Tue","1345","FB","CN1C","181A ","","E","D","BF","F ","X","G","N","050","0","0","0","","","1770324","5911308",
"Auckland","TE IRIRRANGI DRIVE","30","S"," ","SMALES ROAD","201532289","22/02/2015","Sun","0200","CB","CS1","103A 130A 402A ","P","R","D","DO","F ","X","T","C","080","0","0","0","","","","",
"Auckland","TE PAI PLACE","150","E"," ","LINCOLN ROAD","201532142","13/02/2015","Fri","1425","EA","CW1C","129A ","M","R","D","BF","F "," ","N","C","050","0","0","0","","","1745391","5919178",
"Auckland","THE PARADE","130","N"," ","DEVON ROAD","201511193","24/02/2015","Tue","1515","PF","CN1E","129A 386A ","","R","D","O ","F "," "," ","C","050","0","0","1","48","","","",
"Auckland","THE STRAND","10","E"," ","CHANNEL VIEW ROAD S","201532119","11/02/2015","Wed","1215","QG","VS1CC","665A ","M","E","D","BF","F ","T","G","R","050","0","0","0","","","1758309","5927128",
"Auckland","THOMAS ROAD","20","W"," ","ANDRUSHA PLACE","201532155","24/01/2015","Sat","2315","MO","CW1C","371A 929 ","M","R","D","DO","F ","D","N","C","050","0","0","0","","","1769718","5905353",
"Auckland","TI RAKAU DRIVE",""," ","I","BURSWOOD DRIVE","201531712","14/02/2015","Sat","1645","FE","CW1T","371B ","","R","D","B ","F ","T","T","C","050","0","0","0","","","","",
"Auckland","TI RAKAU DRIVE",""," ","I","EDGEWATER DRIVE","201531222","18/01/2015","Sun","1805","FE","CS1CC","112A 331A 352A ","","R","D","B ","F ","T","T","R","060","0","0","0","","","","",