"TLA NAME","CRASH ROAD","CRASH DIST","CRASH DIRN","INTSN","SIDE ROAD","CRASH ID","CRASH DATE","CRASH DOW","CRASH TIME","MVMT","VEHICLES","CAUSES","OBJECTS STRUCK","ROAD CURVE","ROAD WET","LIGHT","WTHRa","JUNC TYPE","TRAF CTRL","ROAD MARK","SPD LIM","CRASH FATAL CNT","CRASH SEV CNT","CRASH MIN CNT","PERS AGE1","PERS AGE2","EASTING","NORTHING"
"Auckland","1N/336/9.8","20","S"," ","MATHESON ROAD","201531976","19/01/2015","Mon","0822","FF","CS1C","501A ","","R","D","BF","F "," ","N","C","050","0","0","0","","","1736883","5982539",
"Auckland","1N/336/9.87","90","S"," ","MATHESON ROAD","201532116","27/01/2015","Tue","1730","MO","CN1C","385A ","M","R","D","BF","F "," ","N","C","060","0","0","0","","","1736866","5982471",
"Auckland","1N/336/10.21","10","N"," ","SH 16","201530031","14/01/2015","Wed","1621","FD","TS1CT","181A 357A 371A 357B ","","R","D","B ","F ","T","N","C","080","0","0","0","","","1736790","5982141",
"Auckland","1N/346/3.481","1000","N"," ","WAYBY VALLEY ROAD","201532453","18/02/2015","Wed","2311","DA","CS1","103A 131A ","V","E","D","DN","F "," "," ","C","100","0","0","0","","","1738335","5979279",
"Auckland","1N/346/12.582","100","N"," ","KRAACK ROAD","201530361","28/01/2015","Wed","0130","DA","TS1","131A 801 ","C","E","W","DN","L "," "," ","C","080","0","0","0","","","1744651","5974440",
"Auckland","1N/346/14.328",""," ","I","L PHILLIPS ROAD","201530971","19/01/2015","Mon","1100","GD","CN1C4","181A 331A 443C 818 ","","R","D","O ","F ","T","G","C","080","0","0","0","","","1745959","5973721",
"Auckland","1N/363/2.35",""," ","I","MATAKANA ROAD","201531326","05/02/2015","Thu","1245","FE","CN1VC","112A 130A 427A ","","R","D","B ","F ","X","T","R","060","0","0","0","","","1748920","5970738",
"Auckland","1N/363/4.904",""," ","I","TOOVEY ROAD","201530960","12/01/2015","Mon","1424","FD","4N1CC","112A 181A 331A ","F","R","D","B ","F ","T","G","C","100","0","0","0","","","1748181","5968439",
"Auckland","1N/363/5.697","10","S"," ","VALERIE CLOSE N","201530410","06/02/2015","Fri","1523","DA","CN1","351A ","G","M","D","O ","F ","T","G","N","100","0","0","0","","","1747640","5967869",
"Auckland","1N/373/0.334","200","N"," ","COWAN BAY ROAD","201531963","21/01/2015","Wed","1759","AO","ON1","129A 358A ","B","R","D","BN","F "," ","N","L","100","0","0","0","","","1748086","5963554",
"Auckland","1N/373/5.354","800","S"," ","MAHURANGI WEST ROAD","201531277","11/02/2015","Wed","1315","FD","CN1C","112A 181A 817 ","","R","D","O ","F "," "," ","C","100","0","0","0","","","1748819","5959670",
"Auckland","1N/373/7.923",""," ","I","PUHOI ROAD","201510818","15/02/2015","Sun","1506","JA","TN1C","301B 330B 375B ","","E","D","O ","F ","T","S","P","100","0","0","1","","","1749478","5957492",
"Auckland","1N/398/0.38","380","S"," ","SILVERDALE OBR","201531828","19/01/2015","Mon","1350","FA","CS1C","181A 331A 353A 440B ","","R","D","B ","F "," "," ","C","100","0","0","0","","","1748683","5945047",
"Auckland","1N/398/12.336","80","N"," ","OTEHA VALLEY ON SBD","201530029","09/01/2015","Fri","1000","QG","TS1C","330A 682A ","X","R","D","B ","F "," ","N","C","100","0","0","0","","","1753062","5934667",
"Auckland","1N/398/12.485",""," ","I","OTEHA VALLEY OFF NBD","201530732","21/01/2015","Wed","0900","FB","CN1C","181A 330A ","","E","D","B ","F ","X","G","C","050","0","0","0","","","1753080","5934526",
"Auckland","1N/398/12.743","80","S"," ","MCCLYMONTS OBR","201530418","25/01/2015","Sun","1652","FD","CS1CCC","181A 330A ","","R","D","B ","F "," ","N","N","100","0","0","0","","","1753126","5934266",
"Auckland","1N/398/13.577","200","N"," ","GREVILLE ON NBD","201531328","03/02/2015","Tue","1331","AC","BN1C","330A 372A 671A ","","R","D","B ","F "," "," ","C","060","0","0","0","","","1753222","5933448",
"Auckland","1N/398/14.114","250","S"," ","GREVILLE OBR","201530954","18/01/2015","Sun","1745","FD","CS14","181A 331A ","","R","D","B ","F "," "," ","C","100","0","0","0","","","1753450","5932950",
"Auckland","1N/398/14.172","100","N"," ","ROSEDALE ROAD","201530440","19/01/2015","Mon","1017","AC","TN1C","372A ","","R","D","B ","F "," ","N","N","080","0","0","0","","","1753453","5932899",
"Auckland","1N/398/14.721","500","S"," ","GREVILLE ON SBD","201531904","05/01/2015","Mon","1650","FA","CS1C","181A ","","R","D","BF","F "," ","N","R","100","0","0","0","","","1753590","5932361",
"Auckland","1N/398/15.093","300","N"," ","UPPER HWY OFF SBD","201532110","16/02/2015","Mon","0720","FD","CS1C","181A ","","R","D","BF","F "," ","N","R","100","0","0","0","","","1753723","5932014",
"Auckland","1N/398/15.351",""," ","I","UPPER HWY ON NBD","201530807","29/01/2015","Thu","1051","FF","CS1C","331A 353A 671A ","","E","D","BF","F ","T","N","C","100","0","0","0","","","1753827","5931789",
"Auckland","1N/414/0.373","20","N"," ","SUNSET OBR","201531816","04/02/2015","Wed","1815","FD","CS1C4","181A 331A 402A 181B ","","R","W","TF","H "," "," ","R","100","0","0","0","","","1754308","5931099",
"Auckland","1N/414/0.814",""," ","I","UPPER HWY ON SBD","201510070","11/01/2015","Sun","1129","CB","CS1","130A ","G","R","D","B ","F ","T","N","C","100","0","0","1","","","1754603","5930771",
"Auckland","1N/414/1.831","1000","N"," ","TRISTRAM OBR","201531707","20/02/2015","Fri","1350","FD","4S14","181A ","","R","W","O ","F "," "," ","C","100","0","0","0","","","1755209","5929965",
"Auckland","1N/414/2.15","500","S"," ","SUNNYNOOK OBR","201532139","13/02/2015","Fri","1320","FD","CS1CCC","181A 181D ","","R","D","BF","F "," ","N","R","100","0","0","0","","","1755309","5929661",
"Auckland","1N/414/2.433","20","N"," ","TRISTRAM ON NBD","201530958","14/01/2015","Wed","1757","FD","CN1C","181A 359A 402A ","","R","D","B ","F "," "," ","N","100","0","0","0","","","1755377","5929381",
"Auckland","1N/414/3.03","200","S"," ","TRISTRAM OBR","201531962","20/01/2015","Tue","","AC","CS1M","671A ","","R","D","BF","F "," ","N","R","100","0","0","0","","","1755619","5928838",
"Auckland","1N/414/3.251","20","N"," ","TRISTRAM ON SBD","201531274","22/01/2015","Thu","0748","FD","CN1CC","181A 181B ","","R","D","B ","F "," "," ","C","100","0","0","0","","","1755712","5928638",
"Auckland","1N/414/3.594","1260","N"," ","NORTHCOTE OBR","201531957","22/01/2015","Thu","1629","FD","CS1C","181A ","","R","D","BF","F "," ","N","R","100","0","0","0","","","1755860","5928329",
"Auckland","1N/414/3.594","1260","N"," ","NORTHCOTE OBR","201531095","22/01/2015","Thu","1629","FD","VS1T","331A 353A ","","R","D","BF","F "," ","N","R","100","0","0","0","","","1755860","5928329",
"Auckland","1N/414/4.754","100","N"," ","NORTHCOTE OBR","201530808","22/01/2015","Thu","1655","FD","CS1C","181A ","","R","D","BF","F "," ","N","R","100","0","0","0","","","1756361","5927283",
"Auckland","1N/414/4.854",""," ","A","NORTHCOTE OBR","201530439","23/01/2015","Fri","1603","FA","CS1C","181A 330A ","","R","D","B ","F "," ","N","C","100","0","0","0","","","1756405","5927193",
"Auckland","1N/414/4.903","50","S"," ","NORTHCOTE OBR","201510577","10/02/2015","Tue","1057","CB","CS1","130A 358A ","P","R","D","B ","F "," "," ","N","100","0","0","1","","","1756426","5927148",
"Auckland","1N/414/4.913","60","S"," ","NORTHCOTE OBR","201530443","23/01/2015","Fri","1632","FD","CS1C","181A 191B ","","R","D","B ","F "," ","N","C","100","0","0","0","","","1756431","5927139",
"Auckland","1N/414/4.953","100","S"," ","NORTHCOTE OBR","201531952","22/01/2015","Thu","0851","FD","CS1C","181A ","","R","D","BF","F "," ","N","R","100","0","0","0","","","1756448","5927103",
"Auckland","1N/414/4.953","100","S"," ","NORTHCOTE OBR","201531954","22/01/2015","Thu","0851","FD","CS1C","331A 353A ","","R","D","BF","F "," ","N","C","100","0","0","0","","","1756448","5927103",
"Auckland","1N/414/5.053","200","S"," ","NORTHCOTE OBR","201530427","04/02/2015","Wed","1627","FD","CS1CCC","181A 330A ","","R","W","O ","F "," ","N","C","100","0","0","0","","","1756492","5927013",
"Auckland","1N/414/5.053","200","S"," ","NORTHCOTE OBR","201531953","22/01/2015","Thu","0800","FD","CS1C","331A 359A ","","R","D","BF","F "," ","N","R","100","0","0","0","","","1756492","5927013",
"Auckland","1N/414/5.053","200","S"," ","NORTHCOTE OBR","201531812","04/02/2015","Wed","1700","FA","CS1C","181A 191A 331A ","","R","W","O ","H "," "," ","N","100","0","0","0","","","1756492","5927013",
"Auckland","1N/414/5.492","300","S"," ","NORTHCOTE OFF NBD","201531428","04/02/2015","Wed","1820","FD","CN1C","181A 191B ","","R","D","B ","H "," ","N","C","100","0","0","0","","","1756689","5926619",
"Auckland","1N/414/6.312","10","S"," ","ESMONDE OBR","201530409","05/02/2015","Thu","1647","FA","CS14","181A 330A ","","M","D","B ","F "," ","N","C","100","0","0","0","","","1757141","5925944",
"Auckland","1N/414/7.57","1000","S"," ","ESMONDE ON SBD","201531682","18/01/2015","Sun","1640","AA","CS1C","103A 209A 372A ","G","R","D","B ","F "," "," ","L","100","0","0","0","","","1756660","5924825",
"Auckland","1N/414/7.733","20","S"," ","ONEWA OFF SBD","201532455","16/02/2015","Mon","0145","CB","VS1","130A 631A ","G","R","D","DO","F "," "," ","C","100","0","0","0","","","1756559","5924696",
"Auckland","1N/414/7.874","50","N"," ","ONEWA OBR ON","201510773","02/02/2015","Mon","1656","FA","BS1CCC","181A 191A 331A ","","R","D","B ","F "," "," ","C","100","0","0","1","","","1756472","5924586",
"Auckland","1N/414/8.198","150","N"," ","SEART OFF SBD","201530943","15/01/2015","Thu","1651","FD","CE14","181A 331A 197B ","","R","D","B ","F "," "," ","C","100","0","0","0","","","1756281","5924325",
"Auckland","1N/414/8.258",""," ","I","ONEWA OFF NBD","201532232","08/02/2015","Sun","1611","DB","4N1","129A 131A ","G","E","D","B ","F ","T","N","C","100","0","0","0","","","1756221","5924268",
"Auckland","1N/414/8.298","50","N"," ","MT WGTN OFF SBD","201531714","16/02/2015","Mon","1615","FD","VS14","181A ","","R","D","B ","F "," "," ","C","100","0","0","0","","","1756228","5924240",
"Auckland","1N/414/8.505","200","S"," ","ONEWA ON SBD","201530034","14/01/2015","Wed","1612","FA","TS1C","181A 357A 512A 357B ","","R","D","B ","F "," ","N","C","080","0","0","0","","","1756169","5924042",
"Auckland","1N/414/8.758","200","N"," ","STAFFORD OFF NBD","201531023","13/01/2015","Tue","1631","FD","CS1CC","331A 353A ","","R","D","BF","F "," ","N","R","080","0","0","0","","","1756067","5923794",
"Auckland","1N/414/9.358","400","S"," ","STAFFORD OFF NBD","201532046","02/02/2015","Mon","1730","FD","PN1C","331A ","","R","D","O ","F "," "," ","C","080","0","0","0","","","1756053","5923207",
"Auckland","1N/414/9.708","1400","N"," ","SHELLY BEACH OBR","201531996","04/01/2015","Sun","1701","FD","CS1V4","181A ","","R","D","BF","F "," ","N","R","080","0","0","0","","","1755908","5922898",
"Auckland","1N/414/9.958","1000","S"," ","STAFFORD OFF NBD","201531020","02/01/2015","Fri","1146","FD","CN1CC","181A ","","R","D","BF","F "," ","N","R","080","0","0","0","","","1755767","5922680",
"Auckland","1N/414/10.254","600","N"," ","CURRAN ON NBD","201530428","05/02/2015","Thu","1613","FD","CN1CX","110A 181A ","","R","D","B ","F "," ","N","C","080","0","0","0","","","1755623","5922421",
"Auckland","1N/414/10.746","400","N"," ","SHELLY BEACH OBR","201531229","01/01/2015","Thu","1250","FD","CN1C","181A 331A 351A ","","R","D","B ","F "," "," ","C","080","0","0","0","","","1755385","5921991",
"Auckland","1N/414/10.872","100","S"," ","HARBOUR BR S","201532283","21/01/2015","Wed","1220","AC","TN1C","372A ","","E","D","B ","F "," "," ","C","100","0","0","0","","","1755324","5921880",
"Auckland","1N/414/10.874","20","S"," ","CURRAN ON NBD","201531666","25/01/2015","Sun","2052","AG","CN1C","129A 177A 514A ","","M","D","TO","F "," "," ","C","080","0","0","0","","","1755323","5921878",
"Auckland","1N/414/11.106","40","N"," ","SHELLY BEACH OBR","201531680","04/02/2015","Wed","0530","CB","VN1","410A ","G","R","D","DO","F "," "," ","C","080","0","0","0","","","1755295","5921655",
"Auckland","1N/414/11.407","300","S"," ","SHELLY BEACH OBR","201530959","16/01/2015","Fri","1920","AC","VS1C","103A 372A 386A ","G","R","D","O ","F "," "," ","R","080","0","0","0","","","1755534","5921447",
"Auckland","1N/414/11.455","730","S"," ","SHELLY OFF SBD","201530416","22/01/2015","Thu","1105","AA","CS1V","372A ","","M","D","B ","F "," ","N","C","080","0","0","0","","","1755571","5921417",
"Auckland","1N/414/11.695","550","S"," ","SHELLY BEACH OBR","201510374","29/01/2015","Thu","0740","AA","MN1V","372A 671A ","","R","D","B ","F "," "," ","C","100","0","1","0","","","1755679","5921219",
"Auckland","1N/414/12.397",""," ","A","FANSHAWE OBR","201531701","19/02/2015","Thu","0846","AC","TS1C","353A 372A ","","R","D","B ","F "," "," ","C","080","0","0","0","","","1756280","5920849",
"Auckland","1N/414/12.869",""," ","I","COOK OFF SBD","201530801","29/01/2015","Thu","0711","CB","CS1","129A 353A ","G","R","D","BF","F ","T","N","R","080","0","0","0","","","1756336","5920383",
"Auckland","1N/427/0.369",""," ","I","NELSON OFF NBD","201532151","14/02/2015","Sat","0805","AC","CN1C","372A 381A ","","R","D","BF","F ","T","N","R","080","0","0","0","","","1756576","5919344",
"Auckland","1N/427/1.855","140","N"," ","KHYBER PASS OFF NBD","201530733","20/01/2015","Tue","1827","FD","CN1C","181A ","","R","D","B ","F "," ","N","N","100","0","0","0","","","1757593","5918398",
"Auckland","1N/427/1.976","100","N"," ","MOUNTAIN OBR","201530384","07/01/2015","Wed","1054","AA","CN1V","129A 330A 372A ","","E","D","B ","F "," "," ","N","080","0","0","0","","","1757668","5918304",
"Auckland","1N/427/1.986","100","N"," ","KHYBER PASS ON SBD","201531165","27/02/2015","Fri","1708","FA","CS1C","181A 353A ","","R","D","B ","F "," ","N","N","100","0","0","0","","","1757635","5918364",
"Auckland","1N/427/2.093","50","N"," ","MOUNTAIN OBR","201531273","15/02/2015","Sun","0149","CA","CS1","130A 631A ","G","R","D","DO","F "," "," ","C","080","0","0","0","","","1757709","5918287",
"Auckland","1N/427/2.136","60","S"," ","MOUNTAIN OBR","201531934","06/01/2015","Tue","1649","AC","VN14","331A 353A ","","R","D","BF","F "," ","N","R","080","0","0","0","","","1757784","5918194",
"Auckland","1N/427/2.162","20","S"," ","MOUNTAIN OBR","201531226","20/01/2015","Tue","1756","FD","TS1CX","181A 331A ","","R","D","B ","F "," "," ","C","080","0","0","0","","","1757759","5918240",
"Auckland","1N/427/2.186","110","S"," ","MOUNTAIN OBR","201510163","07/01/2015","Wed","1646","FD","CN1CV","132A 181A 191B ","","R","D","B ","F "," ","N","C","080","0","0","2","","","1757820","5918159",
"Auckland","1N/427/2.271","100","N"," ","GILLIES ON NBD","201530028","07/01/2015","Wed","1619","FA","TN1C","181A ","","R","D","B ","F "," ","N","N","080","0","0","0","","","1757881","5918101",
"Auckland","1N/427/2.631","1000","S"," ","KHYBER PASS OBR","201510548","28/01/2015","Wed","1338","FD","CN1CCC","181A 181B 181C 181D ","","R","D","B ","F "," "," ","N","080","0","0","1","","","1758108","5917823",
"Auckland","1N/427/3.298","200","S"," ","NEWMARKET VDT","201531702","20/02/2015","Fri","1743","FD","4S1C","181A 331A ","","R","D","B ","F "," "," ","C","100","0","0","0","","","1758617","5917521",
"Auckland","1N/431/0.835","15","S"," ","MARKET OBR","201531951","23/01/2015","Fri","1645","FD","CN1C","181A ","","E","D","BF","F "," ","N","R","100","0","0","0","","","1759202","5916735",
"Auckland","1N/431/1.07","250","S"," ","MARKET OBR","201531956","23/01/2015","Fri","1558","FD","CN1CCC","181A ","","R","D","BF","F "," ","N","C","100","0","0","0","","","1759348","5916551",
"Auckland","1N/431/1.316","200","S"," ","MARKET OFF NBD","201531925","07/01/2015","Wed","0955","AC","CN1C","159A ","","R","D","BF","F "," ","N","C","100","0","0","0","","","1759514","5916370",
"Auckland","1N/431/1.32","500","S"," ","MARKET OBR","201531022","13/01/2015","Tue","1457","AA","CN1T","372A ","G","R","D","BF","F "," ","N","R","100","0","0","0","","","1759517","5916367",
"Auckland","1N/431/1.638","400","N"," ","GREENLANE INT N","201532199","10/02/2015","Tue","1554","FD","VS144","181A ","","R","D","BF","F "," ","N","R","100","0","0","0","","","1759779","5916183",
"Auckland","1N/431/1.804","20","S"," ","GREENLANE OFF SBD","201530898","29/01/2015","Thu","1448","FD","CS1CCC","181A ","","R","D","BF","F "," ","N","C","100","0","0","0","","","1759919","5916094",
"Auckland","1N/431/2.038",""," ","I","GREENLANE INT N","201530740","02/02/2015","Mon","0730","AA","CS1C","372A ","","M","W","O ","F ","R","G","N","100","0","0","0","","","1760118","5915971",
"Auckland","1N/431/2.173","100","S"," ","GREENLANE INT","201530858","28/01/2015","Wed","1501","AC","TN1C","372A 671A ","","R","D","BF","F "," ","N","R","100","0","0","0","","","1760213","5915878",
"Auckland","1N/431/2.464","400","N"," ","TE COMA OFF SBD","201530369","02/02/2015","Mon","1158","FD","CS1C","181A 331A 351A ","","R","D","B ","F "," "," ","C","100","0","0","0","","","1760443","5915697",
"Auckland","1N/431/2.606","500","S"," ","GREENLANE INT S","201531865","14/02/2015","Sat","1811","FD","VN1CC","181A 181B ","","R","D","B ","F "," "," ","C","100","0","0","0","","","1760541","5915596",
"Auckland","1N/431/3.637","300","S"," ","MAIN OBR","201530970","11/01/2015","Sun","1415","AA","4S1C","177A 184A ","","E","D","B ","F "," "," ","C","100","0","0","0","","","1761165","5914806",
"Auckland","1N/431/3.869","50","N"," ","PENROSE OFF SBD","201510483","26/02/2015","Thu","1301","AA","MS1T","330A 372A ","","R","D","B ","F "," ","N","N","100","0","1","0","","","1761249","5914590",
"Auckland","1N/431/3.969","50","S"," ","PENROSE OFF SBD","201532190","19/02/2015","Thu","1208","FD","CS1C","181A ","","R","D","BF","F "," ","N","R","100","0","0","0","","","1761287","5914497",
"Auckland","1N/431/4.112","80","N"," ","PENROSE INT N","201510171","04/02/2015","Wed","1116","FD","CN1C","112A 181A ","","R","W","O ","F "," ","N","R","100","0","0","1","","","1761342","5914361",
"Auckland","1N/431/4.132","60","N"," ","PENROSE INT N","201530426","04/02/2015","Wed","1116","FD","CN1C","112A 181A 181B ","","R","W","O ","F "," ","N","R","100","0","0","0","","","1761354","5914344",
"Auckland","1N/431/4.142","50","N"," ","PENROSE INT N","201530407","04/02/2015","Wed","1116","FD","CN1C","112A 181A ","","R","W","O ","F "," ","N","N","100","0","0","0","","","1761360","5914336",
"Auckland","1N/431/4.202","10","S"," ","PENROSE INT N","201510168","04/02/2015","Wed","1116","FA","CN14","181A 330A ","","E","W","O ","L "," ","N","N","100","0","0","1","","","1761394","5914287",
"Auckland","PENROSE ON SBD",""," ","I","1N/431/4.478","201530951","06/01/2015","Tue","1227","QG","VS1","661A 688A ","X","R","D","B ","F ","T","N","N","100","0","0","0","","","1761611","5914116",
"Auckland","1N/431/4.826","250","S"," ","PENROSE OFF NBD","201530438","23/01/2015","Fri","1326","FD","CS1CCC","181A 330A ","","R","D","B ","F "," ","N","N","100","0","0","0","","","1761909","5913945",
"Auckland","1N/431/5.226",""," ","A","PENROSE OBR","201530805","29/01/2015","Thu","0713","EO","TE1C","686A ","BD","R","D","BF","F "," ","N","R","100","0","0","0","","","1762190","5913669",
"Auckland","1N/431/5.248","20","S"," ","PENROSE OBR","201532137","05/02/2015","Thu","1327","FD","CN1C","181A ","","R","D","BF","F "," ","N","R","100","0","0","0","","","1762189","5913640",
"Auckland","1N/431/5.276","50","S"," ","PENROSE OBR","201531860","14/01/2015","Wed","1732","FD","CS1C","181A 331A 358A ","","M","D","B ","F "," "," ","C","100","0","0","0","","","1762215","5913626",
"Auckland","1N/431/5.326","100","S"," ","PENROSE OBR","201530955","17/01/2015","Sat","1648","FD","CS1CC","181A 331A ","","R","W","O ","L "," "," ","C","100","0","0","0","","","1762240","5913582",
"Auckland","1N/431/5.328","100","S"," ","PENROSE OBR","201531074","12/02/2015","Thu","0640","FD","CN1C","181A ","","R","D","OF","F "," ","N","N","100","0","0","0","","","1762228","5913570",
"Auckland","1N/431/5.376","2000","N"," ","MT WGTN OBR","201531030","09/01/2015","Fri","1641","FD","CN1CC","331A 353A ","","E","D","BF","F "," ","N","C","100","0","0","0","","","1762251","5913527",
"Auckland","1N/431/5.426","200","S"," ","PENROSE OBR","201531864","12/02/2015","Thu","1805","FD","CS1CCC","181A 331A 181B 181C ","","R","D","O ","F "," "," ","C","100","0","0","0","","","1762290","5913496",
"Auckland","1N/431/5.726","500","S"," ","PENROSE OBR","201510824","18/02/2015","Wed","0751","FD","CS1CCC","181A 331A 350A 181B 331B ","","R","D","B ","F "," "," ","C","100","0","0","1","","","1762440","5913236",
"Auckland","1N/431/5.826","600","S"," ","PENROSE OBR","201532171","13/02/2015","Fri","1149","AC","TS1C","671A ","","M","D","BF","F "," ","N","R","100","0","0","0","","","1762501","5913157",
"Auckland","1N/431/5.876","650","S"," ","PENROSE OBR","201530803","28/01/2015","Wed","0752","FD","4S1CC","181A ","","R","D","BF","F "," ","N","R","100","0","0","0","","","1762535","5913120",
"Auckland","1N/431/6.359","1000","N"," ","MT WGTN OBR","201531861","13/01/2015","Tue","1705","FD","CS1C","181A ","","E","D","B ","F "," "," ","C","100","0","0","0","","","1762969","5912920",
"Auckland","1N/431/6.793","300","N"," ","MT WGTN ON NBD","201532157","01/01/2015","Thu","0023","CC","CN1","103A 130A ","G","R","D","DO","F "," ","N","R","100","0","0","0","","","1763368","5912775",
"Auckland","1N/431/6.808",""," ","A","SEART OBR","201510721","20/01/2015","Tue","1719","FD","CE1CC","181A 331A ","","E","D","B ","F "," "," ","C","100","0","0","1","","","1763396","5912782",
"Auckland","1N/431/6.893","200","N"," ","MT WGTN ON NBD","201531167","27/02/2015","Fri","1955","AO","VN1C","357A 386A 357B ","","E","D","B ","F "," ","N","C","050","0","0","0","","","1763463","5912745",
"Auckland","1N/431/7.093",""," ","I","MT WGTN ON NBD","201500022","14/01/2015","Wed","1836","FE","4N1C","103A 121A 350A ","","E","D","B ","F ","T","T","C","100","1","0","1","","","1763649","5912672",
"Auckland","1N/431/7.203","110","S"," ","MT WGTN ON NBD","201530404","27/01/2015","Tue","1030","FD","CN1CC","112A 181A ","","R","D","B ","F "," ","N","C","100","0","0","0","","","1763746","5912620",
"Auckland","1N/431/7.803","710","S"," ","MT WGTN ON NBD","201530442","23/01/2015","Fri","1310","FD","CN1CCC","181A 181B ","","R","D","B ","F "," ","N","R","100","0","0","0","","","1764267","5912322",
"Auckland","1N/431/8.375","1000","S"," ","MT WGTN OBR","201532138","14/02/2015","Sat","1144","FD","CN1C4","181A 351A 358A ","","R"," "," F","F "," ","N","R","100","0","0","0","","","1764598","5911880",
"Auckland","1N/431/8.889","300","S"," ","PANAMA OBR","201531950","22/01/2015","Thu","1545","FD","VN1C","181A ","","R","D","BF","F "," ","N","N","100","0","0","0","","","1764742","5911386",
"Auckland","1N/431/9.763","300","N"," ","PRINCES OBR","201532136","30/01/2015","Fri","1836","EC","CS1","911 ","W","R","D","BF","F "," ","N","R","100","0","0","0","","","1764998","5910555",
"Auckland","1N/431/10.456","400","S"," ","PRINCES OBR","201532135","30/01/2015","Fri","1540","AA","CN1C","372A ","","R","D","BF","F "," ","N","N","100","0","0","0","","","1765120","5909868",
"Auckland","1N/431/11.277","300","N"," ","HIGHBROOK OBR","201532168","14/02/2015","Sat","1350","FD","CN1CC","181A ","","R","D","BF","F "," ","N","R","100","0","0","0","","","1765392","5909096",
"Auckland","1N/431/11.377","200","N"," ","HIGHBROOK OBR","201532449","14/02/2015","Sat","1241","FD","CN1CCC","181A 331A 350A ","","R","D","B ","F "," "," ","C","100","0","0","0","","","1765429","5909003",
"Auckland","1N/431/11.477","100","N"," ","HIGHBROOK OBR","201531272","14/02/2015","Sat","0013","CA","CN1","130A ","G","R","D","DO","F "," "," ","N","100","0","0","0","","","1765466","5908910",
"Auckland","1N/431/11.577",""," ","A","HIGHBROOK OBR","201530070","07/01/2015","Wed","0810","KA","VN1C","302B 375B ","","R","D","B ","F ","R","G","C","050","0","0","0","","","1765503","5908817",
"Auckland","1N/431/12.083","100","N"," ","BAIRDS OBR","201531097","10/02/2015","Tue","0702","FD","VN14","181A ","","R","D","OF","F "," ","N","R","100","0","0","0","","","1765693","5908348",
"Auckland","1N/431/12.223","200","S"," ","HIGHBROOK ON SBD","201500001","01/01/2015","Thu","0619","CB","CS1","103A 177A 532A ","G","R","W","TF","F "," ","N","N","100","1","0","0","","","1765757","5908226",
"Auckland","1N/431/12.486","300","S"," ","BAIRDS OBR","201531164","20/01/2015","Tue","1758","FD","VS1VCC","181A 330A 191B ","","R","D","B ","F "," ","N","N","100","0","0","0","","","1765855","5907983",
"Auckland","1N/431/13.096","100","S"," ","OTARA OFF NBD","201532105","20/02/2015","Fri","2109","AC","CN1C","136A 820 ","X","R","D","DO","F "," ","N","R","100","0","0","0","","","1766243","5907519",
"Auckland","1N/431/13.137","20","S"," ","EAST TAMAKI OBR","201531079","07/02/2015","Sat","0630","EC","VS1","820 ","D","R","D","BF","F "," ","N","R","100","0","0","0","","","1766284","5907498",
"Auckland","1N/431/14.857","2000","S"," ","OTARA OFF SBD","201532109","25/02/2015","Wed","0645","FD","CN1C","181A ","","R","D","BF","F "," ","N","R","100","0","0","0","","","1767366","5906200",
"Auckland","1N/431/14.996","2000","S"," ","OTARA OFF NBD","201532108","17/02/2015","Tue","0904","FD","VN144","181A ","","R","D","BF","F "," ","N","R","100","0","0","0","","","1767386","5906056",
"Auckland","1N/431/15.675",""," ","I","TE IRIRANGI OFF SBD","201532229","23/02/2015","Mon","0854","AC","CS14","159A 197B ","","R","D","B ","F ","T","N","N","100","0","0","0","","","1767594","5905415",
"Auckland","1N/448/1.547","200","S"," ","MANUKAU OFF NBD","201531970","15/01/2015","Thu","1300","AC","TN1T","372A ","","R","D","BF","F "," ","N","R","100","0","0","0","","","1768675","5902971",
"Auckland","1N/448/2.274","420","S"," ","ORAMS OBR","201531920","22/01/2015","Thu","1949","AA","CS1C","103A 372A ","","R","D","BF","F "," ","N","R","100","0","0","0","","","1769199","5902458",
"Auckland","1N/448/2.41","640","N"," ","HILL OBR","201530828","17/01/2015","Sat","1709","CB","CN1C","130A 363A ","GP","R","W","OF","L "," ","N","C","100","0","0","0","","","1769280","5902365",