"TLA NAME","CRASH ROAD","CRASH DIST","CRASH DIRN","INTSN","SIDE ROAD","CRASH ID","CRASH DATE","CRASH DOW","CRASH TIME","MVMT","VEHICLES","CAUSES","OBJECTS STRUCK","ROAD CURVE","ROAD WET","LIGHT","WTHRa","JUNC TYPE","TRAF CTRL","ROAD MARK","SPD LIM","CRASH FATAL CNT","CRASH SEV CNT","CRASH MIN CNT","PERS AGE1","PERS AGE2","EASTING","NORTHING"
"Christchurch City","GREERS ROAD","150","N"," ","LANGDONS ROAD","201530496","27/01/2015","Tue","2140","MO","CN1","371A 386A 402A 929 ","FH","R","D","B ","F ","D","N","C","050","0","0","0","","","1567380","5184999",
"Christchurch City","HACKTHORNE ROAD","80","E"," ","STAMBRIDGE PLACE","201510593","26/01/2015","Mon","2036","DB","CE1E","103A 131A 402A ","","E","D","B ","F "," "," ","C","050","0","0","1","52","","1569858","5175001",
"Christchurch City","HAREWOOD ROAD","150","E"," ","GREERS ROAD","201531723","27/01/2015","Tue","0955","MC","TW1C","372B ","","R","D","O ","F "," "," ","P","050","0","0","0","","","1567271","5184579",
"Christchurch City","HAREWOOD ROAD","100","W"," ","HIGHSTED ROAD","201531256","23/01/2015","Fri","1940","JA","CW1C","925 ","","R","D","B ","F ","D","N","R","050","0","0","0","","","1566613","5184956",
"Christchurch City","HAREWOOD ROAD","200","E"," ","LEACROFT ST","201531748","16/02/2015","Mon","1520","EC","CW1","129A 330A ","X","R","D","B ","F "," "," ","L","050","0","0","0","","","1566532","5184988",
"Christchurch City","HAREWOOD ROAD",""," ","I","PAPANUI ROAD","201531717","06/02/2015","Fri","1313","DA","CS14","133A 407A ","M","S","D","B ","F ","X","T","C","050","0","0","0","","","1568302","5183906",
"Christchurch City","HAREWOOD ROAD","10","E"," ","WILMOT ST","201510404","12/01/2015","Mon","1500","FA","CE14","181A 353A 191B ","","R","D","O ","F ","T","N","C","050","0","0","1","","","1567557","5184418",
"Christchurch City","HARPER AVENUE","200","S"," ","CARLTON MILL ROAD","201510835","21/01/2015","Wed","1834","FD","CN1V","181A 331A 352A ","","R","D","O ","F "," "," ","C","050","0","0","1","","","1569613","5181147",
"Christchurch City","IVAN CRESCENT","150","N"," ","WAIRAKEI ROAD","201531772","30/01/2015","Fri","2120","BO","CN1C","103B 512B ","","R","D","DO","F "," "," ","P","050","0","0","0","","","1563315","5185368",
"Christchurch City","JACK HINTON DRIVE",""," ","I","WHITELEIGH AVENUE","201510249","12/01/2015","Mon","1508","HA","SS1C","204A 350A 375A ","","R","D","OF","F ","T","G","R","050","0","0","1","","25","","",
"Christchurch City","JONES ROAD",""," ","I","DAWSONS ROAD","201500041","18/02/2015","Wed","1122","HA","CN24","301A 321A 404A ","","R","D","B ","F ","X","S","C","100","1","1","2","","","","",
"Christchurch City","KAINGA ROAD",""," ","I","PINE AVENUE","201511121","28/01/2015","Wed","2227","DA","CN1","104A 111A 131A ","P","M","D","DN","F ","T","G","C","050","0","0","3","","","1573007","5193877",
"Christchurch City","KAINGA ROAD","700","E"," ","RIVERLEA ESTATE DRIVE","201510783","20/02/2015","Fri","1428","CC","CW1","103A 137A ","FX","R","D","B ","F "," "," ","N","080","0","0","1","","","1574019","5194219",
"Christchurch City","KENDAL AVENUE","40","N"," ","ARLINGTON ST","201532340","13/02/2015","Fri","2049","MO","VS1C","103A 371A ","M","R","D","DO","F "," "," ","C","050","0","0","0","","","","",
"Christchurch City","LESLIE ST",""," ","I","WAIMAIRI ROAD","201531637","28/01/2015","Wed","1250","GF","BE1C","372A 158B 387B ","","E","D","B ","F ","T","G","R","050","0","0","0","","","1565588","5180162",
"Christchurch City","LINCOLN ROAD","20","S"," ","DOMAIN TERRACE","201531729","17/01/2015","Sat","1142","GB","CS1T","158A 377A 929 ","","R","D","B ","F ","D","N","C","050","0","0","0","","","1567430","5177750",
"Christchurch City","LINCOLN ROAD",""," ","I","HAZELDEAN ROAD","201531384","27/01/2015","Tue","1030","FA","CS1C","181A ","","R","D","O ","F ","T","G","C","050","0","0","0","","","1568923","5178979",
"Christchurch City","LINCOLN ROAD",""," ","I","MOORHOUSE AVENUE","201530719","01/02/2015","Sun","2124","BE","CN1C","130A 504A ","","M","D","DO","F ","M","T","C","050","0","0","0","","","1569119","5179139",
"Christchurch City","LINCOLN ROAD","20","S"," ","TORRENS ROAD","201531638","16/01/2015","Fri","2243","AB","CS1C","112A 129A 151A ","","R","D","DO","F "," "," ","C","050","0","0","0","","","1567658","5177943",
"Christchurch City","LYTTELTON ST",""," ","I","EDINBURGH ST","201510842","04/02/2015","Wed","0803","FD","CS1C","181A 331A 358A ","","R","D","B ","F ","X","S","C","050","0","0","1","","","1567951","5177791",
"Christchurch City","MACKWORTH ST","20","N"," ","MATLOCK ST","201531719","01/02/2015","Sun","2015","EA","VN1C","410A ","M","R","D","B ","F "," "," ","C","050","0","0","0","","","1573379","5178810",
"Christchurch City","MAIN NORTH ROAD","200","N"," ","CRANFORD ST","201531893","06/02/2015","Fri","1156","FD","CS1CV","181A 331A 402A ","","R","D","B ","FS"," "," ","R","060","0","0","0","","","1568968","5185132",
"Christchurch City","MAIN NORTH ROAD","200","N"," ","LANGDONS ROAD","201531730","04/01/2015","Sun","1800","GA","CN1C","181A 925 ","","R","D","B ","F ","D","N","R","050","0","0","0","","","1568522","5184314",
"Christchurch City","MAIN NORTH ROAD","90","S"," ","LINK ROAD","201511157","12/02/2015","Thu","0756","LB","SS1V","158A 377A 314B 377B 927 ","","R","D","B ","F ","D"," ","P","080","0","1","0","","43","1571744","5192049",
"Christchurch City","MAIN NORTH ROAD",""," ","I","MARY ST","201530483","15/01/2015","Thu","1430","LB","CS1C","303B 375B ","","R","D","B ","F ","X","T","C","050","0","0","0","","","1568404","5184144",
"Christchurch City","MAIN ROAD",""," ","I","THE BRAE","201510594","30/01/2015","Fri","0805","FD","CE1CC","181A 191A 331A 904 ","","R","W","O ","M ","T","N","C","050","0","0","2","","","1576937","5177412",
"Christchurch City","MAIN ROAD","200","S"," ","ZEPHYR TERRACE","201532335","26/02/2015","Thu","2128","BA","CN14C","205A 404A ","","R","D","DO","F "," "," ","C","050","0","0","0","","","","",
"Christchurch City","MAIN SOUTH ROAD","20","E"," ","SH 73","201531258","18/01/2015","Sun","1438","FD","CE1C","181A 191B ","","R","D","B ","F "," "," ","C","050","0","0","0","","","1565062","5179983",
"Christchurch City","MAIREHAU ROAD",""," ","I","BURWOOD ROAD","201531722","11/01/2015","Sun","0953","DA","CW1","111A 131A 402A ","","S","D","B ","F ","R","G","R","050","0","0","0","","","1574206","5185530",
"Christchurch City","MANCHESTER ST",""," ","I","LICHFIELD ST","201510183","01/02/2015","Sun","0206","NB","VS1E","105B 716B ","","R","D","DO","F ","X","T","C","050","0","0","1","","","1570885","5179796",
"Christchurch City","MARINE PARADE","200","S"," ","HOOD ST","201510246","07/01/2015","Wed","1730","PO","PN1E","129A 357A 512A ","","R","D","OF","F "," ","N","C","050","0","0","2","42","","","",
"Christchurch City","MATIPO ST","100","N"," ","BLENHEIM ROAD","201510784","17/02/2015","Tue","1200","FD","CN14","181A 427A ","","R","D","B ","F "," "," ","X","050","0","0","1","","","1567393","5179522",
"Christchurch City","MCLEANS ISLAND ROAD",""," ","I","LOGISTICS DRIVE","201511209","18/02/2015","Wed","1514","LB","CS1C","303B 330B ","","R","D","B ","F ","T","G","C","080","0","0","2","","","","",
"Christchurch City","MOORHOUSE AVENUE","100","E"," ","MANCHESTER ST","201530091","08/01/2015","Thu","1630","AC","VE1S","353A 372A ","","R","D","B ","F "," ","N","C","050","0","0","0","","","1570988","5179167",
"Christchurch City","MOORHOUSE AVENUE",""," ","I","MANCHESTER ST","201530097","17/01/2015","Sat","1433","LB","4E1V","382B 402B ","","R","D","B ","F ","X","T","C","050","0","0","0","","","1570888","5179167",
"Christchurch City","MOORHOUSE AVENUE",""," ","I","STEWART ST","201531813","05/01/2015","Mon","1724","KA","SE1C","197A 363B 375B 902 ","","R","D","B ","F ","T","N","C","050","0","0","0","","","1569671","5179159",
"Christchurch City","MOORHOUSE AVENUE",""," ","I","WALTHAM ROAD","201532349","31/01/2015","Sat","2310","FE","CE1CC","113A 334A ","","R","D","DO","F ","X","T","R","060","0","0","0","","","","",
"Christchurch City","NORTHCOTE ROAD","30","E"," ","SAWYERS ARMS ROAD","201510032","04/01/2015","Sun","1025","MC","CN1C","350B 372B ","","E","D","B ","F "," "," ","C","050","0","0","1","","","1567648","5185331",
"Christchurch City","NORTHCOTE ROAD",""," ","I","SAWYERS ARMS ROAD W","201531640","19/01/2015","Mon","1907","FB","CW1C","331A 191B ","","R","D","B ","F ","X","G","P","050","0","0","0","","","1567618","5185331",
"Christchurch City","NORTHCOTE ROAD","80","E"," ","UXBRIDGE ST","201531734","05/02/2015","Thu","1441","FD","CW1V","331A 358A ","","R","D","B ","F "," "," ","P","050","0","0","0","","","1568368","5185341",
"Christchurch City","OLLIVIERS ROAD","80","N"," ","HEREFORD ST","201530487","27/01/2015","Tue","1557","CB","CN1","101A 110A ","JT","R","D","B ","F "," ","N","N","050","0","0","0","","","1573184","5180108",
"Christchurch City","ORAM AVENUE","20","N"," ","HOOD ST","201531257","16/01/2015","Fri","0300","CA","CS1","103A 402A 433A ","I","R","D","DN","F "," "," ","R","050","0","0","0","","","1578208","5182553",
"Christchurch City","PAGES ROAD","100","N"," ","WOODHAM ROAD","201530328","06/01/2015","Tue","0510","DA","4N1","130A 205A 514A 517A ","IS","M","D","DO","F "," "," ","R","060","0","0","0","","","1574561","5180884",
"Christchurch City","PAPANUI ROAD","50","N"," ","TOMES ROAD","201531724","03/02/2015","Tue","0725","CC","CS1","130A 410A ","P","R","D","B ","F "," "," ","C","050","0","0","0","","","1568792","5183181",
"Christchurch City","PAPANUI ROAD",""," ","I","WEBB ST","201531732","22/02/2015","Sun","1905","BE","CS1C","103A 130A ","F","R","D","B ","F ","T","G","R","050","0","0","0","","","1569634","5181856",
"Christchurch City","PAPANUI ROAD","5","N"," ","WESTON ROAD","201510327","16/01/2015","Fri","1119","FD","CS1CVV","181A 331A 351A ","","R","D","B ","F ","T","G","C","050","0","0","2","","","1569076","5182763",
"Christchurch City","POUND ROAD","400","N"," ","SH 73","201531817","26/01/2015","Mon","1530","QE","4S1","914 ","A","R","D","B ","F "," "," ","C","100","0","0","0","","","1560455","5182511",
"Christchurch City","POUND ROAD","500","N"," ","WATERLOO ROAD","201531293","30/01/2015","Fri","1213","MO","TN1","371A ","P","R","D","O ","L "," "," ","N","080","0","0","0","","","1558806","5178558",
"Christchurch City","RICCARTON ROAD","20","E"," ","KONINI ST","201510795","20/02/2015","Fri","0945","FD","CE1C","181A 331A 191B ","","R","D","O ","F "," "," ","C","050","0","0","1","","","1566856","5180185",
"Christchurch City","RICCARTON ROAD","15","E"," ","RATTRAY ST","201510782","17/02/2015","Tue","1713","FD","CW1CC","331A 363A 902 ","","R","D","B ","F "," "," ","P","050","0","0","2","","","1567018","5180203",
"Christchurch City","ROLLESTON AVENUE","20","N"," ","WORCESTER ST","201510595","22/01/2015","Thu","1558","FD","CS1MC","181A 191A 333A ","","R","D","B ","F "," "," ","C","050","0","1","0","","","1569909","5180174",
"Christchurch City","ROSSALL ST",""," ","I","GLANDOVEY ROAD","201531387","25/01/2015","Sun","1420","HA","CE2C","322B 357B ","","R","D","B ","F ","X","T","C","050","0","0","0","","","1568418","5182111",
"Christchurch City","SH 1S","20","N"," ","SH 73A","201510250","14/01/2015","Wed","1017","AA","SS1C","372A ","","R","D","OF","F "," ","N","R","050","0","0","1","","38","","",
"Christchurch City","SH 73",""," ","I","SH 1S","201510254","02/01/2015","Fri","0732","HA","CN2C","322A 352A ","","R","D","OF","F ","X","T","R","050","0","0","3","","","","",
"Christchurch City","SH 73",""," ","I","YALDHURST ROAD","201510253","01/01/2015","Thu","1402","LB","4S1C","303B 387B ","","R","D","BF","F ","X","T","R","050","0","0","1","","","","",
"Christchurch City","SH 75","15","S"," ","AIDANFIELD DRIVE","201532342","01/03/2015","Sun","2015","QG","CN1C","680A ","","R","D","DO","F "," "," ","C","060","0","0","0","","","","",
"Christchurch City","SHERBORNE ST",""," ","I","PURCHAS ST","201510787","08/01/2015","Thu","1457","KB","TN1CCC","321B 377B 839 ","","R","D","O ","F ","X","S","C","050","0","0","2","","","1570750","5181531",
"Christchurch City","SPRINGFIELD ROAD",""," ","I","ABBERLEY CRESCENT","201530094","08/01/2015","Thu","0905","LB","CS1C","303B 321B ","","R","D","O ","F ","X","S","C","050","0","0","0","","","1570297","5182104",
"Christchurch City","SPRINGS ROAD",""," ","I","CORSAIR DRIVE","201532348","27/01/2015","Tue","1221","CA","CW1","113A 402A ","S","R","D","B ","F ","T","T","C","050","0","0","0","","","","",
"Christchurch City","SPRINGS ROAD","150","E"," ","NEILL ST","201532347","26/01/2015","Mon","0112","CB","CE1","410A ","J","R","D","DO","FS"," "," ","C","050","0","0","0","","","","",
"Christchurch City","ST ANDREWS SQUARE",""," ","I","PEEL ST W","201530725","09/01/2015","Fri","2240","DA","CS1C","111A 133A 330A ","M","R","D","DO","F ","T","N","N","050","0","0","0","","","1568382","5182430",
"Christchurch City","ST ASAPH ST","15","W"," ","ANTIGUA ST","201510187","28/01/2015","Wed","1140","FD","4W1CC","331A 350A ","","R","W","O ","F "," ","N","C","050","0","0","1","","","1569897","5179547",
"Christchurch City","ST ASAPH ST","10","E"," ","FITZGERALD AVENUE","201531715","09/02/2015","Mon","1222","MO","CE1C","386A ","M","R","D","B ","F ","X","T","C","050","0","0","0","","","1571782","5179559",
"Christchurch City","STEVENS ST","200","W"," ","WILSONS ROAD","201531726","29/01/2015","Thu","1803","FA","CE1C","331A 357A 357B ","","R","D","B ","F "," "," ","N","050","0","0","0","","","1572038","5179053",
"Christchurch City","STRAVEN ROAD",""," ","I","KAHU ROAD","201531259","24/01/2015","Sat","0700","HA","CS1T","322A 352A ","","R","D","O ","F ","X","T","R","050","0","0","0","","","1567850","5180556",
"Christchurch City","STRICKLAND ST","30","N"," ","MILTON ST","201530720","31/01/2015","Sat","1745","EE","SN1C","374B ","Q","R","D","B ","F ","X","T","C","050","0","0","0","","","1570155","5177841",
"Christchurch City","STYX MILL ROAD",""," ","I","HIGHSTED ROAD","201510598","02/02/2015","Mon","0039","CC","CW1","402A 506A 512A ","P","R","D","DO","F ","T","S","C","080","0","0","1","","","1567616","5187221",
"Christchurch City","TUAM ST",""," ","I","MADRAS ST","201530090","14/01/2015","Wed","1730","HA","BE1C","322B 334B ","","R","D","B ","F ","X","T","C","050","0","0","0","","","1571129","5179677",
"Christchurch City","UNIVERSITY DRIVE","330","W"," ","CLYDE ROAD","201510599","02/02/2015","Mon","0900","FO","4W1S","129A 386A 402A ","","R","D","B ","F "," "," ","C","030","0","0","1","","48","1566342","5180692",
"Christchurch City","WAINONI ROAD","80","S"," ","NEWPORT ST","201530497","22/01/2015","Thu","0920","GD","CN14","330A 423A 930 ","","R","D","B ","F ","D","N","C","050","0","0","0","","","1574844","5181969",
"Christchurch City","WALTHAM ROAD",""," ","I","SHAKESPEARE ROAD","201532091","10/02/2015","Tue","0730","HA","CN14","322A 330A 402A ","","R","D","O ","F ","X","T","R","050","0","0","0","","","1571475","5178607",
"Christchurch City","WESTMINSTER ST","60","N"," ","MAHARS ROAD","201510748","20/01/2015","Tue","1521","CB","CN1","195A ","P","R","D","O ","F "," "," ","C","050","0","0","1","","","1571401","5183555",
"Christchurch City","WILSONS ROAD",""," ","I","LISMORE ST","201510597","05/01/2015","Mon","1230","JA","MN1C","191A 301B 375B ","","R","D","B ","F ","X","S","C","050","0","1","0","","","1572125","5178717",
"Christchurch City","WORCESTER ST",""," ","I","OXFORD TERRACE","201530095","08/01/2015","Thu","1806","HA","SE1V","302A 375A ","","R","D","O ","F ","X","G","C","050","0","0","0","","","1570416","5180157",
"Christchurch City","Z BCH ACCESS CORSAIR BAY","100","S"," ","PARK TERRACE","201510834","02/01/2015","Fri","1622","EA","CS1C","353A 386A 818 ","M","R","D","B ","F "," "," ","C","050","0","1","0","","","1575827","5171748",
"Christchurch City","\MAIN SOUTH ROAD",""," ","I","WATTS ROAD","201532346","19/01/2015","Mon","1730","KA","SW1V","302B ","","R","D","B ","F ","X","G","C","050","0","0","0","","","","",
"Christchurch City","1S/327/3.994",""," ","I","RICHILL ST","201530406","23/01/2015","Fri","0915","AA","CS1T","330A 372A 671B ","","R","D","B ","F ","T","T","R","060","0","0","0","","","1570278","5189720",
"Christchurch City","1S/332/2.337","260","W"," ","WILLOWCREEK LANE","201510441","05/02/2015","Thu","1845","FA","CE14","103A 112A ","","R","D","O ","F "," ","N","P","060","0","1","0","","","1567768","5188425",
"Christchurch City","1S/332/5.035","450","N"," ","SAWYERS ARMS ROAD","201510324","19/01/2015","Mon","1639","FD","TN14C","181A 331A 353A ","","R","D","B ","F "," "," ","C","080","0","0","2","","","1565624","5186951",
"Christchurch City","1S/344/2.722","40","N"," ","SH 73A","201510109","14/01/2015","Wed","1035","AA","SS1V","150A 381A ","","R","W","O ","L "," ","N","R","050","0","0","1","","","1561694","5178760",
"Christchurch City","1S/347/0.314","50","W"," ","GOULDING AVENUE","201510808","21/01/2015","Wed","1400","AD","VW1TC","130A 184A 404A ","","R","D","O ","L "," "," ","R","050","0","0","3","","","1561373","5178687",
"Christchurch City","1S/350/0.993","120","E"," ","KIRK ROAD","201530087","12/01/2015","Mon","1345","BE","CN14T","125A 359A ","","R","D","B ","F "," ","N","C","070","0","0","0","","","1557638","5177534",
"Christchurch City","73/0/0.079",""," ","I","CURLETTS ON EBD","201530089","14/01/2015","Wed","0659","DB","CN1","110A 150A ","G","M","W","O ","L ","R","G","C","100","0","0","0","","","1565880","5178245",
"Christchurch City","73/0/0.571","30","S"," ","LUNNS ROAD","201510788","26/01/2015","Mon","1720","EE","SN1C","374B 404B ","M","R","D","B ","F "," "," ","R","070","0","0","1","","44","1565517","5178592",
"Christchurch City","73/0/0.85",""," ","I","PARKHOUSE ROAD","201530098","22/01/2015","Thu","","KB","CS1C","322B ","","R","D","B ","F ","T","T","C","070","0","0","0","","","1565324","5178790",
"Christchurch City","73/0/0.949","100","N"," ","PARKHOUSE ROAD","201531385","20/01/2015","Tue","0515","CA","CN1","410A ","GI","R","D","TO","F "," "," ","R","080","0","0","0","","","1565244","5178852",
"Christchurch City","73/0/1.332",""," ","I","BLENHEIM ROAD","201531716","09/02/2015","Mon","1107","FE","CN14","181A ","","R","D","B ","F ","X","T","R","060","0","0","0","","","1565125","5179196",
"Christchurch City","73/1/0.485","5","N"," ","OWENS TERRACE","201510786","25/01/2015","Sun","1215","AC","CS1M","372A 817 ","","R","D","B ","F ","T","G","C","050","0","0","1","","","1565076","5179690",
"Christchurch City","73/1/2.264",""," ","I","RACECOURSE ROAD","201510809","30/01/2015","Fri","1612","MO","CW1S","191A 330A ","","R","D","B ","F ","T","G","C","060","0","0","1","","54","1563912","5180649",
"Christchurch City","73/1/2.456","200","W"," ","RACECOURSE ROAD","201530491","09/01/2015","Fri","0145","LB","CE1C","103B 303B 926 ","","R","D","DO","F ","D","N","R","060","0","0","0","","","1563727","5180725",
"Christchurch City","73A/0/1.122",""," ","I","ALLOY ST","201530492","31/01/2015","Sat","0917","FB","CW1C","110A 135A 806 ","","E","D","B ","F ","R","G","C","050","0","0","0","","","1564012","5179172",
"Christchurch City","73A/0/1.122",""," ","I","MAIN SOUTH ROAD","201510153","05/01/2015","Mon","1740","LB","CW1M","302A 375A ","","M","D","B ","F ","R","G","C","050","0","0","1","","","1564007","5179171",
"Christchurch City","73A/0/1.778","100","E"," ","HARVARD AVENUE","201531728","28/01/2015","Wed","1737","FD","CW1C","181A ","","R","D","B ","F "," "," ","R","060","0","0","0","","","1563473","5178847",
"Christchurch City","74/0/2.691",""," ","I","PRESTONS ROAD","201530252","18/01/2015","Sun","1700","LB","CS1C","303B ","F","R","D","B ","F ","T","T","C","060","0","0","0","","","1569043","5186511",
"Christchurch City","74/0/7.677",""," ","I","MARSHLAND ROAD","201510843","04/02/2015","Wed","1424","LB","4W1C","303B 330B 845 ","","R","D","B ","F ","X","T","R","080","0","1","1","","","1572589","5184748",
"Christchurch City","FROSTS ROAD",""," ","I","74/0/11.046","201531646","12/01/2015","Mon","0943","KB","CS1V","129B ","","M","D","O ","F ","R","G","C","050","0","0","0","","","1575896","5184373",
"Christchurch City","WAINONI ROAD",""," ","I","74/0/12.488","201531731","09/02/2015","Mon","2026","LB","CS1C","303B ","","R","D","DO","F ","X","T","R","050","0","0","0","","","1576223","5183138",
"Christchurch City","74/0/17.244",""," ","I","FRANCELLA PLACE","201510837","22/01/2015","Thu","1528","GB","SN1T","192B 372B ","","R","D","B ","F ","T","G","C","050","0","0","1","","28","1576119","5179484",
"Christchurch City","74/0/18.506",""," ","I","LINWOOD AVENUE","201531253","07/02/2015","Sat","2300","KB","4N1C","322A ","","R","D","DO","F ","X","T","C","060","0","0","0","","","1575405","5178455",
"Christchurch City","75/0/1.879",""," ","I","WARREN CRESCENT N","201531774","19/02/2015","Thu","0815","FD","VN14C","181A 358A 181B ","","R","D","O ","M ","T","N","P","050","0","0","0","","","1566755","5177199",
"Christchurch City","75/0/8.196","200","N"," ","LEADLEYS ROAD","201510330","13/01/2015","Tue","2210","FA","VS1C","103A 181A 331A 191B 801 ","","R","W","DN","L "," "," ","C","100","0","0","1","","","1564435","5171890",
"Christchurch City","76/3/2.404","150","E"," ","GASSON ST","201531157","26/01/2015","Mon","0830","FD","TW1V4C","181A 330A ","","R","D","B ","F "," ","N","C","060","0","0","0","","","1571282","5178332",
"Christchurch City","76/3/3.028",""," ","I","COLOMBO ST","201531260","09/01/2015","Fri","2128","LB","CW1C","303B ","","R","D","DO","F ","X","T","R","060","0","0","0","","","1570651","5178315",
"Christchurch City","76/3/3.25","30","E"," ","DURHAM ST","201531721","29/01/2015","Thu","1535","FD","4E1CC","181A 353A 181B ","","R","D","B ","F "," "," ","R","060","0","0","0","","","1570436","5178326",
"Christchurch City","76/3/3.404","5","E"," ","ORBELL ST","201510186","24/01/2015","Sat","1308","FA","CE1C","423A 427A ","","R","D","B ","F ","T","N","R","060","0","0","1","","","1570282","5178326",
"Christchurch City","ORBELL ST",""," ","I","76/3/3.409","201510790","19/01/2015","Mon","0900","KA","SE1C","302B 353B 375B ","","R","D","B ","F ","T","G","R","060","0","0","1","","62","1570277","5178326",
"Christchurch City","76/3/6.844","1000","E"," ","CURLETTS ROAD OBR","201531746","04/02/2015","Wed","1540","AC","CE1C","512A 501B ","","R","D","B ","F "," "," ","R","100","0","0","0","","","1566883","5178488",
"Christchurch City","76/11/0.334","300","W"," ","CURLETTS ROAD OBR","201531255","12/01/2015","Mon","0655","AC","TW1C","372A 671A ","","E","D","O ","F "," "," ","R","100","0","0","0","","","1565698","5178056",
"Christchurch City","76/11/6.349","100","S"," ","SHANDS ROAD","201511120","23/01/2015","Fri","0640","FD","CN1CC","331A 363A 902 ","","R","D","B ","F "," "," ","C","080","0","0","1","","","1561021","5177791",
"Christchurch City","76/11/7.015",""," ","I","CONNAUGHT DRIVE","201510174","20/01/2015","Tue","1700","JA","TN14","301B 387B ","","R","D","B ","F ","T","S","C","070","0","0","1","","","1560498","5178188",
"Clutha District","ALEXANDER ROAD","100","S"," ","BUTTS ROAD","201531851","19/02/2015","Thu","2130","CA","CS1","130A 404A 814 ","","R","D","DN","F "," "," ","N","100","0","0","0","","","1361969","4888651",
"Clutha District","BEGGS TRACK","1670","W"," ","HILLEND ROAD","201531788","04/02/2015","Wed","1755","DB","VW1","131A 404A ","F","M","D","O ","F "," "," ","N","100","0","0","0","","","1346383","4883786",
"Clutha District","CLUTHA RIVER ROAD","1000","S"," ","HALL ROAD","201510228","12/01/2015","Mon","1129","CB","CS1O","197A 303B 375B 929 ","FX","R","D","BN","F ","D","N","C","100","0","1","0","","","","",
"Clutha District","CROSS ST",""," ","I","AJAX ST","201532251","23/02/2015","Mon","2220","DA","CN1","101A 111A 131A ","FH","R","D","DO","F ","T","G","N","050","0","0","0","","","1365329","4888595",
"Clutha District","HIGH ST",""," ","I","STEWART ST","201510700","22/01/2015","Thu","1700","LB","MS1C","303B 375B ","","R","D","B ","F ","T","G","C","050","0","1","0","","","1348107","4873751",
"Clutha District","MILLER ROAD","2000","S"," ","CLYDEVALE ROAD","201532250","22/02/2015","Sun","0400","CB","CN1","130A 904 ","C","R","W","DN","M "," "," ","C","100","0","0","0","","","1320285","4888945",
"Clutha District","OWAKA HIGHWAY","20","S"," ","HIGH ST","201510564","05/02/2015","Thu","1527","BF","CN14","111A 131A ","","M","W","O ","H "," "," ","C","050","0","0","1","","","1348191","4873588",
"Clutha District","OWAKA HIGHWAY",""," ","I","KAKA POINT ROAD","201510005","04/01/2015","Sun","1620","KB","TN1C","302B 375B 412B ","","R","D","B ","F ","X","G","R","100","0","0","1","","","1348133","4868290",
"Clutha District","STATION ROAD",""," ","I","DUNCAN ROAD","201532245","11/02/2015","Wed","1845","HA","CS24","301A 902 ","","R","D","B ","F ","X","S","C","100","0","0","0","","","1308940","4905673",
"Clutha District","WINSLADE ROAD","1000","N"," ","SEDDON HILL ROAD","201530315","03/01/2015","Sat","1030","DB","CN1","131A 138A ","","E","D","B ","F "," "," ","N","080","0","0","0","","","1306435","4907125",
"Clutha District","1S/746/15.373","20","S"," ","COWPER ST","201510301","01/01/2015","Thu","1525","NB","CS1E","105B 711B ","","R","D","B ","F "," "," ","C","050","0","0","1","71","","1365275","4888313",
"Clutha District","1S/746/16.119","10","S"," ","HIGH ST","201510004","03/01/2015","Sat","1443","PE","CN14E","130A 501A 720C ","QP","R","D","B ","F ","T","G","C","050","0","0","2","25","","1364834","4887711",
"Clutha District","1S/787/0.154","30","E"," ","ELIZABETH ST","201531651","30/01/2015","Fri","1515","MA","CE1C","373B ","","R","D","O ","F "," "," ","C","050","0","0","0","","","1348680","4874392",
"Clutha District","1S/787/0.49","25","S"," ","GORDON ST","201510319","23/01/2015","Fri","1820","NF","CN1E","370A 713B ","","R","D","B ","F "," "," ","C","050","0","0","1","20","","1348397","4874211",
"Clutha District","1S/791/15.514","720","S"," ","WAIWERA STATION ROAD","201530307","03/01/2015","Sat","1730","QG","VW1","665A 682A ","F","M","D","B ","F "," "," ","C","100","0","0","0","","","1330493","4876982",
"Clutha District","1S/807/3.203","25","E"," ","ROBERTSON ROAD","201510318","27/01/2015","Tue","1630","DA","CW1","131A 402A ","F","M","D","O ","F "," "," ","C","100","0","0","1","","","1326959","4878046",