"TLA NAME","CRASH ROAD","CRASH DIST","CRASH DIRN","INTSN","SIDE ROAD","CRASH ID","CRASH DATE","CRASH DOW","CRASH TIME","MVMT","VEHICLES","CAUSES","OBJECTS STRUCK","ROAD CURVE","ROAD WET","LIGHT","WTHRa","JUNC TYPE","TRAF CTRL","ROAD MARK","SPD LIM","CRASH FATAL CNT","CRASH SEV CNT","CRASH MIN CNT","PERS AGE1","PERS AGE2","EASTING","NORTHING"
"Kawerau District","RIVER ROAD",""," ","I","ONSLOW ST S","201530010","20/01/2015","Tue","1953","DC","CS1","101A 112A ","KT","R","D","O ","F ","T","G","P","050","0","0","0","","","1924695","5776950",
"Mackenzie District","SCHOOL ROAD","650","W"," ","JACK LOVELOCK TRACK","201500010","10/01/2015","Sat","0650","CB","VE1","103A 138A 532A ","C","R","D","B ","F "," ","N","N","100","1","0","0","","","1422583","5113608",
"Mackenzie District","79/46/12.568","1610","E"," ","CLAYTON ROAD","201530729","15/01/2015","Thu","1545","CB","CN1","134A 404A ","FT","R","D","B ","F "," ","N","C","100","0","0","0","","","1428263","5115702",
"Mackenzie District","80/17/5.411","2000","S"," ","JACKS STM BR","201510794","13/02/2015","Fri","0959","AF","CN1S","129A 353A 386A ","","R","D","B ","F "," "," ","C","100","0","0","1","","60","1370073","5123402",
"Mackenzie District","80/35/8.4","900","N"," ","BUSH STM BR","201531771","11/02/2015","Wed","1424","CA","VS1","129A 130A 404A ","","R","D","B ","F "," "," ","C","100","0","0","0","","","1367734","5139998",
"Manawatu District","DENBIGH ST","80","S"," ","EYRE ST","201530086","15/01/2015","Thu","1425","MO","VS1V","330A 371A 929 ","M","R","D","B ","F ","D","N","C","050","0","0","0","","","1818878","5543985",
"Manawatu District","GREY ST",""," ","I","CHURCH ROAD","201530084","10/01/2015","Sat","1315","HA","CN2C","302B 375B ","","R","D","B ","F ","X","G","C","050","0","0","0","","","1818199","5544477",
"Manawatu District","HIGHWAY 56","200","W"," ","TE AWE AWE ROAD","201510237","27/01/2015","Tue","0840","DA","CN1","129A ","V","E","D","BN","F "," ","N","C","100","0","0","1","","","","",
"Manawatu District","POHANGINA VALLEY EAST ROA","25","S"," ","AWAHOU SOUTH ROAD","201510422","06/02/2015","Fri","1108","CB","CN1","129A 134A 351A ","C","R","W","O ","F "," ","N","C","100","0","0","2","","","1837630","5545833",
"Manawatu District","POHANGINA VALLEY EAST ROA",""," ","A","KOMEWA BR","201531872","22/01/2015","Thu","1100","BF","CS1C","111B 131B 310B 402B ","","M","W","B ","F "," ","G","N","060","0","0","0","","","","",
"Manawatu District","RUAHINE ROAD","6610","E"," ","KAWHATAU VALLEY ROAD","201510138","02/01/2015","Fri","1255","DB","ME1","111A 131A ","S","M","D","B ","F "," ","N","C","100","0","0","1","","","1845156","5587767",
"Manawatu District","SOUTH ST",""," ","I","WEST ST","201510719","07/01/2015","Wed","1650","JC","CS2C","302B 375B ","","M","D","B ","F ","X","G","C","050","0","0","1","","","1817441","5543732",
"Manawatu District","WARWICK ST",""," ","I","QUEEN ST","201531108","16/02/2015","Mon","0845","BE","BS1V","125A ","","R","D","B ","F ","T","S","C","050","0","0","0","","","1817886","5544064",
"Manawatu District","1N/927/3.023",""," ","I","FAGAN ROAD","201532055","10/02/2015","Tue","1605","GD","TS1C","197A 353A ","","R","D","B ","F ","T","G","L","100","0","0","0","","","1805059","5546096",
"Manawatu District","1N/932/3.949","1000","S"," ","PENNY ROAD","201530918","04/01/2015","Sun","1340","CA","CS1C","130A 407A 130B 197B ","","R","D","B ","F "," "," ","C","100","0","0","0","","","1803871","5541861",
"Manawatu District","3/450/7.615",""," ","I","STEWART ROAD","201510423","12/02/2015","Thu","2040","DB","CS1","104A 111A ","C","M","D","DO","F ","T","G","N","100","0","1","0","","","1812852","5541571",
"Manawatu District","54/1/11.14","400","S"," ","TAPUAE ROAD","201530083","08/01/2015","Thu","1230","AD","CS1","150A 197A 410A ","","R","D","B ","F "," ","N","C","100","0","0","0","","","1825643","5568547",
"Manawatu District","54/17/13.913","4900","N"," ","RIDDS ROAD","201531875","25/01/2015","Sun","1630","CC","4S1","130A 412A ","C","R","D","B ","F "," "," ","C","100","0","0","0","","","1825831","5552076",
"Manawatu District","54/38/4.272",""," ","I","AORANGI ST","201530085","20/01/2015","Tue","0823","GO","TW1C","179A 671A ","","R","D","B ","F ","R","G","C","050","0","0","0","","","1818435","5544114",
"Manawatu District","54/38/4.358","50","N"," ","FERGUSSON ST","201531873","10/02/2015","Tue","1630","MO","MS1C","205B 330B 372B 402B 926 ","","R","D","B ","F ","D","N","C","050","0","0","0","","","1818469","5544041",
"Manawatu District","54/38/16.177",""," ","I","KAIRANGA BUNNYTHORPE ROAD","201510505","07/01/2015","Wed","0842","HA","CS14","301B 377B ","","R","D","B ","F ","X","S","C","100","0","0","1","","","1820018","5534701",
"Manawatu District","56/11/4.937",""," ","I","TIAKITAHUNA ROAD","201530100","01/01/2015","Thu","0155","DC","VS1","113A 350A ","F","R","W","DO","L ","X","G","C","100","0","0","0","","","1812168","5524536",
"Manawatu District","56/11/8.609",""," ","I","NGAIRE ST SOUTH","201530797","30/01/2015","Fri","0817","FA","CE1V","103A 181A ","","R","D","B ","F ","T","G","C","100","0","0","0","","","1815391","5526295",
"Marlborough District","DILLON ST",""," ","I","BEAVER ROAD","201531344","03/02/2015","Tue","1510","HA","CW1C","302B 405B ","","R","D","B ","F ","X","G","C","050","0","0","0","","","1679082","5403356",
"Marlborough District","FERRY ROAD","100","E"," ","SH 1S","201531346","09/01/2015","Fri","2230","CA","CW1","133A ","FP","R","D","DO","F "," "," ","C","050","0","0","0","","","1680440","5409705",
"Marlborough District","NEAL ROAD","50","S"," ","THOMAS ROAD","201510807","03/02/2015","Tue","1450","CA","4S1","130A ","B","R","D","B ","F "," "," ","N","100","0","0","1","","","1683942","5411711",
"Marlborough District","PORT UNDERWOOD ROAD","2190","N"," ","COOKS RIDGE","201531193","28/02/2015","Sat","1455","DA","4S1","111A 116A ","","E","D","B ","F "," ","N","C","050","0","0","0","","","1688936","5432005",
"Marlborough District","PORT UNDERWOOD ROAD",""," ","I","MCCORMICKS ROAD","201531148","14/01/2015","Wed","1900","DA","CW1","129A 131A 402A ","X","E","D","B ","F ","T","N","N","050","0","0","0","","","1690123","5430618",
"Marlborough District","PORT UNDERWOOD ROAD","5000","N"," ","ROBIN HOOD BAY BR","201531150","26/02/2015","Thu","1300","DA","VS1","129A 138A ","T","E","D","B ","F "," ","N","N","080","0","0","0","","","1691153","5423027",
"Marlborough District","RANUI ST","50","N"," ","WAIKAWA ROAD","201530286","25/01/2015","Sun","2052","EA","CN1C","103A 110A 129A ","M","R","D","TN","F "," "," ","C","050","0","0","0","","","1686102","5430083",
"Marlborough District","SEYMOUR ST","20","S"," ","GEORGE ST","201532063","09/02/2015","Mon","1600","FD","CS1C","331A ","","R","W","B ","F "," "," ","C","050","0","0","0","","","1679636","5403675",
"Marlborough District","1S/0/0.297",""," ","I","DUBLIN ST","201531147","14/02/2015","Sat","1210","LB","CN1V","303B 375B ","","R","D","O ","F ","X","S","C","050","0","0","0","","","1684207","5428487",
"Marlborough District","1S/0/6.452","820","S"," ","LINDENS ROAD","201510730","09/02/2015","Mon","2025","DB","MN1","135A 800 901 ","","E","W","TN","H "," "," ","C","100","0","0","1","","","1680917","5423712",
"Marlborough District","1S/28/0.192","100","N"," ","HORTON ST","201531251","11/02/2015","Wed","1520","FC","CS1C","181A ","","R","D","B ","F "," "," ","X","050","0","0","0","","","1680057","5404199",
"Marlborough District","1S/28/12.782","3900","S"," ","REDWOOD PASS ROAD N","201510536","04/02/2015","Wed","1655","DA","MN1","131A 903 ","G","S","D","B ","FS"," "," ","C","100","0","0","1","","","1686559","5396583",
"Marlborough District","1S/57/0.229","180","S"," ","TETLEY BROOK ROAD","201531687","04/02/2015","Wed","0531","CB","VS1","130A 412A ","EF","R","D","DN","F "," "," ","C","100","0","0","0","","","1691514","5382516",
"Marlborough District","1S/73/4.786","450","N"," ","MIRZA BR","201530984","06/01/2015","Tue","1235","FA","CS1C","181A 331A 632A ","","R","D","B ","F "," "," ","C","100","0","0","0","","","1692778","5365106",
"Marlborough District","6/0/6.756","20","E"," ","JACKSONS ROAD","201510150","15/01/2015","Thu","1300","MC","CE1C","330B 372B ","","R","D","B ","F "," ","N","C","100","0","0","2","","","1673314","5404063",
"Marlborough District","6/34/1.608","5500","N"," ","ROCKY CREEK BR","201531124","16/02/2015","Mon","0720","DA","TN1","131A 687A ","E","M","D","O ","F "," ","N","C","100","0","0","0","","","1663982","5425320",
"Marlborough District","63/46/4.331","3400","E"," ","SALTWATER LANE","201531345","06/02/2015","Fri","0855","BF","CE14","410A ","","E","D","B ","F "," "," ","C","100","0","0","0","","","1623183","5388708",
"Masterton District","AKURA ROAD",""," ","I","KIBBLEWHITE ROAD","201531745","17/02/2015","Tue","1815","JA","CW1C","302B ","","E","D","B ","F ","T","G","C","100","0","0","0","","","1822212","5465869",
"Masterton District","COLOMBO ROAD","20","E"," ","KURIPUNI ST","201530767","12/02/2015","Thu","2210","CC","CW1","101A 112A ","","R","W","DO","F "," ","N","N","050","0","0","0","","","1823529","5461832",
"Masterton District","HOMEWOOD ROAD","1550","N"," ","WAIORONGO ROAD","201530448","09/01/2015","Fri","1203","CA","4S1","330A 630A ","","R","D","B ","F "," ","N","C","100","0","0","0","","","1854866","5459674",
"Masterton District","MANUKA ST","60","S"," ","KONINI ST","201530766","14/02/2015","Sat","2221","DA","CS1","111A 402A ","","E","D","DO","L "," ","N","C","050","0","0","0","","","1825428","5464730",
"Masterton District","MASTERTON-CASTLEPOINT ROA","230","W"," ","TE KANUKA ROAD","201510772","30/01/2015","Fri","2330","DA","CN1","104A 111A 131A 402A 904 ","FS","M","W","DN","M "," "," ","C","100","0","1","0","","","1840355","5462327",
"Masterton District","POWNALL ST",""," ","I","CORNWALL ST","201530901","25/01/2015","Sun","1600","HA","CN1C","321B 330B ","","R","D","B ","F ","X","S","C","050","0","0","0","","","1822390","5463164",
"Masterton District","QUEEN ST","30","S"," ","BANNISTER ST","201530205","10/01/2015","Sat","1430","MO","CS1C","330A 386A ","M","R","D","B ","F "," "," ","C","050","0","0","0","","","1823917","5463314",
"Masterton District","SH 2",""," ","I","LINCOLN ROAD","201531802","29/01/2015","Thu","1355","EA","TS1C","386A 446B ","M","R","D","B ","F ","R","G","R","050","0","0","0","","","","",
"Masterton District","WESTMERE ROAD","890","W"," ","MASTERTON-STRONVAR ROAD","201531197","06/03/2015","Fri","2155","DB","CN1","195A ","FV","E","D","DN","F "," ","N","N","100","0","0","0","","","1835646","5452784",
"Masterton District","WRIGLEY ST",""," ","I","VILLA ST","201531628","28/01/2015","Wed","1758","BC","CW2C","111A 122A 357A ","","E","D","B ","F ","T","N","N","050","0","0","0","","","1824185","5464012",
"Masterton District","2/858/0.285","2000","N"," ","RUAMAHANGA BR","201531199","18/02/2015","Wed","2050","CC","CS1","112A 134A 402A ","C","R","D","B ","F "," ","N","C","080","0","0","0","","","1820126","5486135",
"Masterton District","2/858/0.785","1500","N"," ","RUAMAHANGA BR","201530931","22/01/2015","Thu","1525","CB","CN1","130A 402A ","K","R","D","B ","F "," "," ","L","100","0","0","0","","","1819885","5485699",
"Masterton District","2/858/12.526","1040","S"," ","MIKIMIKI ROAD","201510403","13/02/2015","Fri","2100","CB","CS1","130A 410A ","CF","R","D","DN","F "," ","N","C","080","0","0","1","","","1822246","5474384",
"Masterton District","2/873/7.072","50","S"," ","LENNIE ROAD","201510300","06/01/2015","Tue","1650","BE","VS1C","130A 412A 129B 197B ","","R","D","B ","F "," "," ","C","100","0","0","1","","","1824792","5466712",
"Masterton District","2/873/9.713","30","N"," ","FIRST ST","201531747","26/02/2015","Thu","1700","CA","TN1","129A 386A ","P","R","D","B ","F "," "," ","C","050","0","0","0","","","1824725","5464115",
"Masterton District","2/883/0.918",""," ","I","LINCOLN ROAD","201530994","25/01/2015","Sun","1150","KA","CN2M","302A 330A ","","S","D","B ","F ","R","G","R","050","0","0","0","","","1823969","5463507",
"Masterton District","2/883/2.734","20","W"," ","COCKBURN ST","201530275","27/01/2015","Tue","2002","MO","CW1","130A 352A ","IS","M","D","O ","F ","R","G","R","050","0","0","0","","","1822638","5462449",
"Matamata-Piako District","HINUERA ROAD","50","N"," ","HAIG ROAD","201510811","03/02/2015","Tue","1228","CC","CN1","402A 506A 512A ","T","R","D","B ","F "," "," ","L","070","0","0","1","","","1843728","5809789",
"Matamata-Piako District","HINUERA ROAD","800","N"," ","PUKETUTU ROAD","201532210","09/02/2015","Mon","1232","KA","VN1CT","191A 197A 308B 330B 375B 181C 191C 929+","","R","D","B ","F ","D","N","C","100","0","0","0","","","1842951","5807680",
"Matamata-Piako District","MORRINSVILLE TAHUNA ROAD","370","N"," ","MANGATEPARU LOOP ROAD S","201510461","02/03/2015","Mon","0340","CB","CN1","101A 112A 402A ","B","R","D","DN","F "," ","N","C","100","0","1","0","","","1821040","5835212",
"Matamata-Piako District","MORRINSVILLE WALTON ROAD","1200","E"," ","PARATU ROAD","201511111","23/02/2015","Mon","","DB","CW1","131A 350A ","F","E","D","DN","F "," "," ","C","100","0","0","1","","","1834520","5819224",
"Matamata-Piako District","NO 1 ROAD","190","N"," ","RIMU ST","201531145","16/02/2015","Mon","2220","DA","CS1","103A 111A ","","E","D","DO","F "," ","N","C","100","0","0","0","","","1831909","5835542",
"Matamata-Piako District","OLD TE AROHA ROAD","100","N"," ","GOODWIN ROAD","201510090","11/01/2015","Sun","1420","CB","MN1","197A ","","R","D","B ","F "," "," ","C","100","0","0","1","","","1851828","5820333",
"Matamata-Piako District","PERIA ROAD","50","E"," ","MANUKA ST","201510089","13/01/2015","Tue","0315","BE","CW1C","130A 191A 410A ","","R","D","DO","F "," "," ","P","050","0","0","1","","","1843262","5812158",
"Matamata-Piako District","PIAKO ROAD","450","W"," ","MATUKU ROAD","201531298","02/02/2015","Mon","1218","CB","CE1","501A ","X","R","D","B ","F "," "," ","C","100","0","0","0","","","1817823","5827827",
"Matamata-Piako District","ROACHE ROAD","130","S"," ","SH 26","201532469","23/02/2015","Mon","1358","DA","CN1","111A 131A 402A 901 ","E","M","W","O ","H "," "," ","C","100","0","0","0","","","1825634","5830369",
"Matamata-Piako District","SMITH ST","15","S"," ","SHEFFIELD ST","201531367","02/02/2015","Mon","0830","MO","CN1C","371A 929 ","M","R","W","O ","L "," "," ","C","050","0","0","0","","","1843372","5811184",
"Matamata-Piako District","TOWER ROAD","2100","N"," ","MOWBRAY ROAD","201510335","22/01/2015","Thu","1600","CB","CN1","130A 504A ","FV","R","D","B ","F "," "," ","C","100","0","1","0","","","1849209","5819341",
"Matamata-Piako District","WARDVILLE ROAD",""," ","I","ALEXANDRA ROAD","201510094","15/01/2015","Thu","1445","DA","CS2","111A 131A 402A ","P","R","D","B ","F ","T","G","C","100","0","0","1","","","1844324","5820507",
"Matamata-Piako District","24/0/0.553","40","S"," ","MEURA ST","201531818","30/01/2015","Fri","1100","FD","VN1CV","181A 331A ","","R","D","O ","F "," "," ","N","050","0","0","0","","","1844402","5811541",
"Matamata-Piako District","24/0/1.912","240","N"," ","GARLAND ST","201530331","05/01/2015","Mon","1356","GD","CN1C","331A 358A 402A 927 ","","R","D","B ","F ","D","N","C","100","0","0","0","","","1845568","5810887",
"Matamata-Piako District","TE POI ROAD",""," ","I","24/0/7.865","201510583","01/02/2015","Sun","1405","GC","CS1C","372B ","","R","D","O ","F ","T","G","C","100","0","1","4","","","1849704","5807097",
"Matamata-Piako District","24/0/12.25","680","N"," ","SH 29","201531928","16/01/2015","Fri","1029","DA","TN1","131A 929 ","V","R","D","BN","F ","D","N","C","100","0","0","0","","","1853258","5805240",
"Matamata-Piako District","26/17/3.404",""," ","I","KURANUI ROAD","201530990","20/01/2015","Tue","1536","DB","CW2C","111A 131A 386A ","","M","D","B ","F ","T","G","C","100","0","0","0","","","1817944","5825925",
"Matamata-Piako District","26/17/5.873",""," ","I","PIAKO ROAD","201532466","16/02/2015","Mon","0815","JC","CW1C","302A 375A ","","E","D","B ","F ","T","G","R","100","0","0","0","","","1819097","5828075",
"Matamata-Piako District","STUDHOLME ST",""," ","I","26/26/1.171","201530245","20/01/2015","Tue","1900","LB","4S1C","302A 375A ","","S","D","B ","F ","R","G","R","050","0","0","0","","","1823094","5828979",
"Matamata-Piako District","26/35/10.647","400","W"," ","GRATTAN ROAD","201510581","31/01/2015","Sat","2318","DA","VE1","410A ","","E","D","DN","F "," "," ","C","100","0","0","1","","","1837339","5839550",
"Matamata-Piako District","26/48/4.815","100","N"," ","RAWHITI ROAD S","201510088","03/01/2015","Sat","2310","DB","CN1","101A 111A 131A ","F","E","D","DN","F "," "," ","C","100","0","0","2","","","1838359","5845418",
"Matamata-Piako District","27/45/5.374","1100","W"," ","MAUNGAKAWA ROAD","201511112","27/01/2015","Tue","1350","CC","CS1","410A ","CV","R","D","B ","F "," "," ","C","100","0","0","3","","","1833054","5829783",
"Matamata-Piako District","27/45/12.251","1000","N"," ","GIVEN ROAD","201531665","13/01/2015","Tue","0430","AA","CS14","387B ","","R","D","DN","F "," "," ","C","100","0","0","0","","","1837801","5825570",
"Matamata-Piako District","27/74/0.668",""," ","I","TAINUI ST","201532468","19/02/2015","Thu","1755","HA","CW2C","302A 335A ","","E","D","B ","F ","X","G","R","050","0","0","0","","","1843924","5811134",
"Matamata-Piako District","27/74/1.379",""," ","I","STATION ROAD","201531618","18/01/2015","Sun","1945","GD","CS1C","331A 358A ","","R","D","B ","F ","T","S","C","050","0","0","0","","","1843910","5810424",
"Matamata-Piako District","29/50/3.792",""," ","I","TE POI ROAD","201511200","20/02/2015","Fri","1310","HA","CW1C","301B 404B ","","R","D","B ","F ","X","S","C","070","0","0","1","","","1850025","5804510",
"Matamata-Piako District","29/50/8.289","120","W"," ","RANGITANUKU ROAD","201511177","17/01/2015","Sat","1150","QG","CE14T","682A 198B 197C ","B","R","D","B ","F "," "," ","C","100","0","0","1","","","1845887","5803296",
"Matamata-Piako District","29/61/13.338","50","N"," ","SH 1N 1N","201510485","20/01/2015","Tue","0913","MC","4N1V","330B 372B ","","E","D","O ","F "," ","N","P","100","0","0","1","","","1834521","5797164",
"Napier City","BARKER ROAD","60","N"," ","RUTHERFORD ROAD N","201530382","17/01/2015","Sat","2219","DA","4N14","101A 111A 131A ","M","M","D","DO","F "," "," ","N","050","0","0","0","","","1935780","5620220",
"Napier City","BESTALL ST",""," ","I","MASEFIELD AVENUE","201530782","11/02/2015","Wed","2005","DC","CE1","112A 357A ","","R","D","B ","F ","T","N","C","080","0","0","0","","","1936035","5618391",
"Napier City","BILL HERCOCK ST",""," ","I","ALLEN BERRY AVENUE","201530379","09/01/2015","Fri","1719","MO","CS1C","303A 357A 512A 357B ","","R","D","B ","F ","T","N","C","050","0","0","0","","","1933758","5618590",
"Napier City","BROOKFIELDS ROAD","160","N"," ","BROOKFIELDS BR","201530781","11/02/2015","Wed","1213","DB","CN1","111A 131A ","F","E","D","O ","F "," ","N","C","100","0","0","0","","","1933667","5612901",
"Napier City","DH 50","70","S"," ","MEEANEE ROAD","201531753","23/01/2015","Fri","1714","FD","VS1CC","181A 181B ","","R","D","B ","F "," "," ","C","100","0","0","0","","","","",
"Napier City","GLOUCESTER ST","60","N"," ","GEBBIE ROAD","201510476","26/02/2015","Thu","1655","LB","PS1C","303B 375B 927 ","","R","D","B ","F ","D","N","C","050","0","0","1","","","1930597","5616255",
"Napier City","HASTINGS ST","10","N"," ","DICKENS ST","201530380","14/01/2015","Wed","1305","MO","CS1C","330A 420A ","","R","D","B ","F ","T","S","C","080","0","0","0","","","1936995","5621391",
"Napier City","KENNEDY ROAD",""," ","I","NELSON CRESCENT","201531782","28/01/2015","Wed","1400","GF","VN1C","129A 386A ","","R","D","B ","F ","T","G","P","050","0","0","0","","","1936221","5620962",
"Napier City","LEE ROAD","100","S"," ","PEDDIE ST","201530399","19/01/2015","Mon","1645","FC","VS1C","181A 331A 402A ","","R","D","B ","F "," "," ","X","050","0","0","0","","","1930887","5616796",
"Napier City","MCVAY ST",""," ","I","VIGOR BROWN ST","201531407","27/02/2015","Fri","1436","DB","CS1","111A 131A ","F","E","D","B ","F ","T","N","N","050","0","0","0","","","1936411","5619987",
"Napier City","PREBENSEN DRIVE","400","S"," ","TAMATEA DRIVE","201510474","05/03/2015","Thu","1214","CA","PN1","130A 350A ","","R","D","B ","F "," ","N","N","100","0","0","1","","","1932407","5620979",
"Napier City","PUKETITIRI ROAD","220","W"," ","PORAITI ROAD","201510426","09/01/2015","Fri","1705","DB","CW1","131A 350A ","C","M","D","B ","F "," ","N","C","100","0","0","1","","","1929994","5620304",
"Napier City","ROBINSON CRESCENT","25","S"," ","RANFURLY ST","201531783","09/01/2015","Fri","0148","AC","CS1C","159A ","","R","D","DO","F "," "," ","N","050","0","0","0","","","1932658","5618627",
"Napier City","SH 2",""," ","I","MEEANEE QUAY","201531784","05/01/2015","Mon","0400","DB","CW2","410A ","B","E","D","TO","F ","T","G","C","050","0","0","0","","","","",
"Napier City","SHAKESPEARE ROAD N","90","W"," ","FRANCE ROAD","201510427","30/01/2015","Fri","0014","EA","CE1CVC","103A 129A ","M","R","D","DO","F "," ","N","C","050","0","0","1","","","1936430","5622143",
"Napier City","WELLESLEY ROAD",""," ","I","TENNYSON ROAD","201530381","11/01/2015","Sun","1202","LB","CS2V","303B 387B 402B ","","E","D","B ","F ","X","T","R","050","0","0","0","","","1936319","5621054",
"Napier City","2/638/8.107","1000","N"," ","WATCHMAN ROAD","201530786","15/02/2015","Sun","1315","MC","VN1C","330B 372B ","","R","D","B ","F "," ","N","C","100","0","0","0","","","1933359","5624340",
"Napier City","2/650/0.797",""," ","I","LOGAN AVENUE","201531284","22/01/2015","Thu","1750","GD","CS1C","181A 331A ","","R","D","O ","F ","T","G","C","050","0","0","0","","","1935579","5620693",
"Napier City","CHAMBERS ST",""," ","I","2/650/2.337","201532272","03/02/2015","Tue","0825","FB","CN1C","181A ","","R","D","B ","F ","T","G","C","050","0","0","0","","","1936539","5619552",
"Napier City","5/249/12.411","60","W"," ","SH 2","201510477","28/02/2015","Sat","1320","MC","CW1C","372B 930 ","","E","D","B ","F "," ","N","C","100","0","0","1","","","1933757","5632209",
"Napier City","5/249/12.471",""," ","I","MAIN NORTH ROAD","201530900","09/01/2015","Fri","1345","FB","CS1C","181A 331A ","","E","D","B ","F ","T","G","C","050","0","0","0","","","1933787","5632158",
"Napier City","50/3/1.44",""," ","I","CARNEGIE ROAD","201530302","01/01/2015","Thu","0043","CC","CN1","103A 130A ","KP","R","W","DO","L ","T","T","C","050","0","0","0","","","1934059","5619917",
"Napier City","50/5/0.624",""," ","I","KENNEDY ROAD OBR","201510430","16/02/2015","Mon","0827","KA","VN1S","302B 375B ","","E","D","B ","F ","T","N","C","050","0","0","1","","13","1933391","5618681",
"Nelson City","BEATSON ROAD","40","W"," ","WAIMEA ROAD","201532028","08/02/2015","Sun","0045","DA","CE1","131A ","P","M","D","DO","F "," "," ","C","050","0","0","0","","","1621847","5427931",
"Nelson City","BEATTY ST",""," ","I","ROTHERHAM ST","201532027","06/02/2015","Fri","0312","DA","CE2","103A 131A 433A 801 ","FK","R","W","DO","L ","R","N","C","050","0","0","0","","","1619875","5428612",
"Nelson City","COLLINGWOOD ST","25","S"," ","HARDY ST","201532029","04/02/2015","Wed","1045","MO","CN1C","308B 370B 507B 927 ","","R","D","B ","F ","D"," ","C","050","0","0","0","","","1624028","5430718",
"Nelson City","DRYDEN ST",""," ","I","MAIN ROAD STOKE","201530101","01/01/2015","Thu","0238","DA","CS2","111A 131A 517A ","F","R","D","DO","F ","T","G","P","050","0","0","0","","","1618715","5425666",
"Nelson City","EMANO ST","200","S"," ","TOI TOI ST","201511140","12/02/2015","Thu","1935","CB","CS1","130A 358A 423A ","F","R","D","TF","F "," "," ","C","050","0","0","1","","","1622389","5429955",
"Nelson City","EXETER ST","80","E"," ","BARHAM PLACE","201531630","01/02/2015","Sun","1455","CC","CW1","136A 613A 801 ","FX","R","W","O ","L "," "," ","N","050","0","0","0","","","1619379","5427562",
"Nelson City","GROVE ST","40","W"," ","TASMAN ST","201531751","18/02/2015","Wed","1500","EA","CE1C","129A ","M","R","D","B ","F "," "," ","C","050","0","0","0","","","1624398","5431315",
"Nelson City","HARDY ST",""," ","I","RUTHERFORD ST","201532030","04/02/2015","Wed","2120","KA","CS24","322B 410B ","","R","D","DO","F ","X","T","C","050","0","0","0","","","1623521","5430763",
"Nelson City","HARDY ST",""," ","I","TASMAN ST","201530321","13/01/2015","Tue","0837","MO","CE1C","130A 402A 407A ","","R","D","B ","F ","X","S","C","050","0","0","0","","","1624414","5430728",
"Nelson City","MAITAI VALLEY ROAD","1270","S"," ","BAPTIST YOUTH FOOT BR","201530993","23/01/2015","Fri","1600","DB","CS1","101A 131A ","C","E","D","B ","F "," "," ","N","080","0","0","0","","","1628116","5428316",
"Nelson City","NILE ST",""," ","I","TASMAN ST","201510114","10/01/2015","Sat","1555","HA","4W1M","302A 375A ","","R","D","B ","F ","R","G","C","050","0","0","1","","","1624413","5430518",
"Nelson City","SH 6",""," ","I","LINK ROAD","201532075","18/02/2015","Wed","1025","FA","CN1CC","181A 331A 191B 197B 191C 302C ","","E","D","B ","F ","R","G","R","050","0","0","0","","","","",
"Nelson City","SH 6 WHAKATU DRIVE",""," ","A","SONGER ST OBR","201510113","06/01/2015","Tue","0930","BA","SS1","112A 370A ","","R","D","B ","F ","T","G","N","050","0","1","1","","68","1618550","5427137",
"Nelson City","STANSELL AVENUE",""," ","I","TOSSWILL ROAD","201531404","07/03/2015","Sat","2311","DB","CS1","111A 514A ","","E","D","DO","F ","T","N","C","050","0","0","0","","","1621016","5429661",
"Nelson City","TRAFALGAR SQUARE","120","S"," ","NILE ST E","201532076","22/02/2015","Sun","0408","DA","CS1","103A 130A ","C","M","D","DO","F "," "," ","N","050","0","0","0","","","1623813","5430440",
"Nelson City","TRAFALGAR ST","40","S"," ","BRIDGE ST","201530018","10/01/2015","Sat","1818","MO","4S1C","371A ","M","R","D","B ","F "," ","N","C","050","0","0","0","","","1623781","5430908",
"Nelson City","TRAFALGAR ST","150","S"," ","BRIDGE ST","201531634","09/01/2015","Fri","1120","MO","CN14C","423A 504A ","M","R","D","B ","F "," "," ","C","050","0","0","0","","","1623777","5430798",