"TLA NAME","CRASH ROAD","CRASH DIST","CRASH DIRN","INTSN","SIDE ROAD","CRASH ID","CRASH DATE","CRASH DOW","CRASH TIME","MVMT","VEHICLES","CAUSES","OBJECTS STRUCK","ROAD CURVE","ROAD WET","LIGHT","WTHRa","JUNC TYPE","TRAF CTRL","ROAD MARK","SPD LIM","CRASH FATAL CNT","CRASH SEV CNT","CRASH MIN CNT","PERS AGE1","PERS AGE2","EASTING","NORTHING"
"Queenstown-Lakes District","ARROWTOWN-LAKE HAYES ROAD","830","N"," ","SH 6","201531620","31/01/2015","Sat","","DA","CS1","111A 131A ","V","M","W","O ","F "," "," ","C","070","0","0","0","","","1270267","5010684",
"Queenstown-Lakes District","BALLARAT ST","20","S"," ","CAMP ST","201530980","20/01/2015","Tue","1510","MO","CS1","350A 404A 420A ","BH","R","D","B ","F "," "," ","C","050","0","0","0","","","1258254","5004346",
"Queenstown-Lakes District","BERKSHIRE ST",""," ","I","CAERNARVON ST","201532488","05/03/2015","Thu","1030","HA","CS2C","321A 330A 130B ","","R","D","B ","F ","X","S","C","050","0","0","0","","","","",
"Queenstown-Lakes District","BRECON ST","200","N"," ","CEMETERY ROAD","201532275","27/02/2015","Fri","1701","MO","CN1B","371A 386A ","M","R","D","B ","F "," "," ","N","050","0","0","0","","","1257804","5004657",
"Queenstown-Lakes District","BROWNSTON ST",""," ","I","HELWICK ST","201510118","02/01/2015","Fri","0820","HA","CE1C","301B 321B ","","R","D","B ","F ","X","S","C","050","0","0","1","","","1293897","5043486",
"Queenstown-Lakes District","CAERNARVON ST",""," ","I","BERKSHIRE ST","201532223","23/02/2015","Mon","1005","HA","CE2C","301B ","","R","D","B ","F ","X","S","C","050","0","0","0","","","1270972","5015230",
"Queenstown-Lakes District","CARDRONA VALLEY ROAD","500","N"," ","CARDRONA SKIFIELD ROAD","201510213","02/01/2015","Fri","1720","MC","MN1S","372B ","","R","D","BF","F "," ","N","C","100","0","2","0","","66","1285631","5024739",
"Queenstown-Lakes District","CARDRONA VALLEY ROAD","2000","S"," ","RIVERBANK ROAD","201531202","14/01/2015","Wed","1410","DB","CS1","131A 614A ","FV","E","D","B ","F "," "," ","C","100","0","0","0","","","1292995","5037654",
"Queenstown-Lakes District","CARDRONA VALLEY ROAD","100","N"," ","STUDHOLME ROAD","201511186","04/03/2015","Wed","0825","NB","4S1E","711B 731B ","","R","D","B ","F "," "," ","P","070","0","1","0","64","","1294019","5041493",
"Queenstown-Lakes District","CENTENNIAL AVENUE","130","N"," ","ARROWTOWN GOLF COURSE ENT","201531316","07/02/2015","Sat","0013","GD","CS1CV","197A 330A 386A 929 ","","R","D","DN","F ","D","N","L","100","0","0","0","","","1272332","5013534",
"Queenstown-Lakes District","COW LANE","10","S"," ","BEACH ST","201531315","24/01/2015","Sat","1310","MO","CS1C","330A 386A ","M","R","D","B ","F ","T","N","N","050","0","0","0","","","1258132","5004329",
"Queenstown-Lakes District","CROWN RANGE ROAD",""," ","A","CARDRONA BR NO2","201510568","19/01/2015","Mon","0740","DB","CN1","131A 801 ","G","M","W","O ","L "," "," ","C","100","0","0","1","","","1281316","5013086",
"Queenstown-Lakes District","DUNMORE ST","20","W"," ","HELWICK ST","201532082","14/02/2015","Sat","1230","MO","VN1C","330A 386A ","","R","D","B ","F "," "," ","N","050","0","0","0","","","1293803","5043566",
"Queenstown-Lakes District","EARL ST","30","N"," ","MARINE PARADE","201531314","04/02/2015","Wed","1525","MO","CN1C","371A 387B ","","R","D","B ","F "," "," ","N","050","0","0","0","","","1258302","5004168",
"Queenstown-Lakes District","GLENORCHY-PARADISE ROAD","600","N"," ","PRIORY ROAD","201532087","13/02/2015","Fri","1505","DA","CN1","135A 404A ","","M","D","B ","F "," "," ","N","100","0","0","0","","","1235476","5031395",
"Queenstown-Lakes District","GLENORCHY-QUEENSTOWN ROAD",""," ","I","FERNHILL ROAD","201532090","30/01/2015","Fri","0120","DA","CS1","131A 402A 901 ","S","E","W","DN","H ","T","S","C","100","0","0","0","","","1255832","5002599",
"Queenstown-Lakes District","GOLDFIELD HEIGHTS",""," ","I","GOLDRIDGE WAY","201532490","04/03/2015","Wed","0230","DA","CE1","131A ","P","E","D","DO","F ","T","G","C","050","0","0","0","","","","",
"Queenstown-Lakes District","GORGE ROAD","700","N"," ","INDUSTRIAL PLACE","201510849","26/02/2015","Thu","0100","DA","CS1","103A 131A ","C","M","D","DN","F "," "," ","C","080","0","0","1","","","1258621","5006493",
"Queenstown-Lakes District","HAY ST","30","N"," ","MAN ST","201532489","04/03/2015","Wed","1915","MO","CS1CC","133A 420A ","M","E","D","TF","F "," "," ","N","050","0","0","0","","","","",
"Queenstown-Lakes District","HEDDITCH ST","150","E"," ","LITTLE ST","201531201","25/01/2015","Sun","2300","EA","CE1C","129A ","M","R","D","DO","F "," "," ","C","050","0","0","0","","","1294276","5043861",
"Queenstown-Lakes District","ISLE ST","20","E"," ","BRECON ST","201532238","27/02/2015","Fri","1900","EA","VW1C","129A 404A ","M","R","D","B ","F "," "," ","C","050","0","0","0","","","1257962","5004508",
"Queenstown-Lakes District","LAKE ESPLANADE",""," ","I","FERNHILL ROAD","201530308","01/01/2015","Thu","0010","DA","VN2","101A 111A 131A ","EZ","S","W","DO","F ","R","G","R","050","0","0","0","","","1257234","5003666",
"Queenstown-Lakes District","LAKE ESPLANADE","500","E"," ","GLENORCHY-QUEENSTOWN ROAD","201532239","27/02/2015","Fri","1130","EA","4E1T","129A 404A ","M","R","D","B ","F "," "," ","C","050","0","0","0","","","1257621","5003967",
"Queenstown-Lakes District","LAKESIDE ROAD","20","N"," ","ARDMORE ST","201531804","27/01/2015","Tue","1000","EA","CN1C","129A ","M","R","D","B ","F "," "," ","C","050","0","0","0","","","1293845","5043763",
"Queenstown-Lakes District","LAKEVIEW TERRACE",""," ","A","MUIR ROAD","201510042","03/01/2015","Sat","","DA","4E1","111A 131A ","F","M","D","DN","F "," "," ","C","050","0","0","1","","","1304959","5053646",
"Queenstown-Lakes District","MAN ST","50","E"," ","THOMPSON ST","201532487","07/03/2015","Sat","0915","QD","VS1V","428A ","M","R","W","O ","F "," "," ","N","050","0","0","0","","","","",
"Queenstown-Lakes District","MCDONNELL ROAD","450","S"," ","ARROWTOWN-LAKE HAYES ROAD","201530387","17/01/2015","Sat","0336","EA","CS1CCC","104A 129A 402A ","M","R","D","DO","F "," "," ","C","050","0","0","0","","","1271116","5014599",
"Queenstown-Lakes District","NERIN SQUARE","30","W"," ","MAVORA ROAD","201510267","03/01/2015","Sat","0300","DA","CW1","103A 111A 131A ","G","M","D","DO","F "," ","N","C","050","0","0","1","","","","",
"Queenstown-Lakes District","RAMSHAW LANE","70","N"," ","BUCKINGHAM ST","201530397","15/01/2015","Thu","1630","MF","CW1C","330B 371B ","","R","D","B ","F "," "," ","C","050","0","0","0","","","1271083","5015468",
"Queenstown-Lakes District","ROUTEBURN ROAD","2000","N"," ","KINLOCH ROAD","201532243","08/02/2015","Sun","1530","DA","CS1","131A 813 ","V","E","D","B ","F "," "," ","N","100","0","0","0","","","1229221","5033129",
"Queenstown-Lakes District","WANAKA-MOUNT ASPIRING ROA","1300","N"," ","RUBY ISLAND ROAD","201510754","17/02/2015","Tue","1130","PB","VS1E","386A 700B ","","R","D","B ","F "," "," ","C","100","0","0","1","19","","1289603","5044498",
"Queenstown-Lakes District","WANAKA-MOUNT ASPIRING ROA",""," ","I","RUBY ISLAND ROAD","201531318","07/02/2015","Sat","1040","GD","CN1C","130A 330A 818 831 ","","E","D","B ","F ","T","N","C","100","0","0","0","","","1290637","5043725",
"Queenstown-Lakes District","WILTSHIRE ST","40","N"," ","BUCKINGHAM ST","201530981","21/01/2015","Wed","1255","MO","4N1C","371A ","","R","D","B ","F "," "," ","C","050","0","0","0","","","1271280","5015437",
"Queenstown-Lakes District","6/828/10.936","2000","N"," ","WEKA ST","201531319","05/02/2015","Thu","1900","CB","CN1","134A 353A 901 ","V","R","W","O ","H "," "," ","C","100","0","0","0","","","1296962","5089618",
"Queenstown-Lakes District","6/901/5.294","3000","E"," ","PISA ROAD","201500024","01/02/2015","Sun","1750","DB","CW1","101A 131A ","F","E","D","O ","F "," ","N","C","100","1","1","0","","","1307856","5037915",
"Queenstown-Lakes District","6/956/2.02","2000","S"," ","ROARING MEG","201532085","21/02/2015","Sat","2130","DA","4N1","102A 111A 130A 901 ","V","M","W","DN","H "," "," ","C","100","0","0","0","","","1289667","5007665",
"Queenstown-Lakes District","6/956/5.02","5000","S"," ","ROARING MEG","201531317","04/02/2015","Wed","2130","CB","CN1","130A 330A ","G","R","D","DN","F "," "," ","C","100","0","0","0","","","1287893","5005605",
"Queenstown-Lakes District","6/983/11.635","30","S"," ","JOE OCONNELL DRIVE","201530386","16/01/2015","Fri","1635","FD","CS1CCC","112A 331A 350A ","","R","D","B ","F "," "," ","C","050","0","0","0","","","1263928","5006562",
"Queenstown-Lakes District","6/996/0.19","190","S"," ","FRANKTON ROAD","201510334","30/01/2015","Fri","1138","FD","CN1C","181A 331A 350A ","","R","D","O ","F "," "," ","C","070","0","0","2","","","1263741","5006244",
"Queenstown-Lakes District","HUMPHREY ST",""," ","I","6/996/1.166","201530982","03/01/2015","Sat","1710","HO","CW1S","330A 386A 330B 386B ","","R","D","B ","F ","T","G","R","050","0","0","0","","","1263927","5005316",
"Queenstown-Lakes District","MCBRIDE ST",""," ","I","6A/0/0.084","201531203","09/01/2015","Fri","1730","GF","XN14","176A 330A ","","M","D","B ","F ","T","G","C","070","0","0","0","","","1263571","5006420",
"Queenstown-Lakes District","6A/0/0.31","15","E"," ","YEWLETT CRESCENT","201511146","25/02/2015","Wed","1100","FD","CE1CC","181A 331A 378A 801 ","","R","W","O ","L "," "," ","P","050","0","0","1","","","1263347","5006392",
"Queenstown-Lakes District","6A/0/0.375","50","W"," ","YEWLETT CRESCENT","201532089","17/02/2015","Tue","0900","FD","VE1CCV","181A 331A 363A 181B 331B 902 ","","R","D","B ","F "," "," ","C","070","0","0","0","","","1263282","5006385",
"Queenstown-Lakes District","6A/0/0.525","200","W"," ","YEWLETT CRESCENT","201531621","20/01/2015","Tue","1900","FD","4E1T","331A 410A ","CX","R","D","B ","F "," "," ","C","070","0","0","0","","","1263133","5006368",
"Queenstown-Lakes District","6A/0/1.647","20","S"," ","PERKINS ROAD","201531647","30/01/2015","Fri","1730","CC","CS144","410A 191B 181C 191C 801 ","","R","W","O ","L "," "," ","C","070","0","0","0","","","1262128","5005925",
"Queenstown-Lakes District","6A/0/5.745","20","E"," ","ADELAIDE ST","201532240","16/02/2015","Mon","1237","EA","VW1V","129A ","M","R","W","B ","F "," "," ","R","050","0","0","0","","","1258735","5004149",
"Queenstown-Lakes District","6A/0/6.275","15","N"," ","BALLARAT ST","201532274","26/02/2015","Thu","1625","FD","CS14","331A ","","R","D","B ","F "," "," ","C","050","0","0","0","","","1258331","5004450",
"Queenstown-Lakes District","6A/0/6.386","15","S"," ","SHOTOVER ST","201532088","04/02/2015","Wed","0925","MO","CN1CC","330A 423A 901 ","M","R","W","O ","H "," "," ","P","050","0","0","0","","","1258249","5004525",
"Queenstown-Lakes District","84/0/0.09","50","W"," ","RIVERBANK ROAD","201531313","08/02/2015","Sun","1115","JA","VE14","308B 330B 929 ","","R","D","B ","F ","D","N","C","080","0","0","0","","","1296570","5043607",
"Queenstown-Lakes District","84/0/2.142",""," ","I","ANDERSON ROAD","201531694","11/02/2015","Wed","1815","HA","4S24","302A 330A 375A ","","M","D","B ","F ","R","G","R","050","0","0","0","","","1294604","5043960",
"Queenstown-Lakes District","8A/0/12.389","2740","S"," ","GLENFOYLE ROAD","201510048","24/01/2015","Sat","1600","FA","TN1S","353A 386A 903 ","","S","D","B ","FS"," "," ","C","100","0","0","1","","56","1310748","5038011",
"Rangitikei District","PAREWANUI ROAD","500","N"," ","RAUMAI ROAD","201531874","01/02/2015","Sun","1800","DB","CN1","111A 130A 402A 800 ","EG","M","W","O ","L "," "," ","C","100","0","0","0","","","1798717","5547463",
"Rangitikei District","SH 1N",""," ","I","KAKARIKI ROAD","201510233","17/01/2015","Sat","1750","JA","TS1C","302B 375B ","","R","D","BF","F ","T","G","C","100","0","0","1","","","","",
"Rangitikei District","SH 54","130","E"," ","SH 1N","201510234","17/01/2015","Sat","0840","DB","MN1","111A 131A 532A ","V","S","D","BN","F "," ","N","C","100","0","1","0","","","","",
"Rangitikei District","TAIHAPE-NAPIER ROAD","6500","N"," ","MAKOKOMIKO ROAD","201511138","01/03/2015","Sun","1455","DA","MS1","135A 402A 804 ","","E","D","B ","F "," "," ","C","100","0","0","1","","","1851599","5620287",
"Rangitikei District","1N/828/4.833",""," ","I","SPOONERS HILL ROAD","201510011","02/01/2015","Fri","1400","DA","ME1","111A 131A 355A ","F","E","D","B ","F ","T","G","C","100","0","0","1","","","1837228","5613749",
"Rangitikei District","1N/842/4.118","1300","S"," ","MANGAONE VALLEY ROAD","201530078","09/01/2015","Fri","1210","CA","TN1","129A 386A ","","R","D","B ","F "," ","N","C","100","0","0","0","","","1841648","5602358",
"Rangitikei District","1N/842/9.586","500","N"," ","UTIKU SOUTH ROAD","201532207","07/02/2015","Sat","0910","DB","CN1","131A 407A ","EF","E","D","B ","F "," "," ","C","100","0","0","0","","","1843490","5597634",
"Rangitikei District","1N/885/8.154","2000","N"," ","SILVERHOPE BUSH ROAD","201531249","21/01/2015","Wed","0115","DB","CN1","197A 410A ","FGP","E","W","DN","L "," "," ","C","100","0","0","0","","","1819039","5574221",
"Rangitikei District","3/415/16.859","400","W"," ","UNION LINE","201530916","15/01/2015","Thu","0845","CC","CE1","130A 350A ","F","R","D","B ","F "," "," ","L","100","0","0","0","","","1795939","5558415",
"Rangitikei District","3/432/7.37","1500","N"," ","MCHARDIE ROAD","201500020","30/01/2015","Fri","2030","DB","CN1","111A 131A ","","E","D","DN","F "," ","N","C","100","1","0","0","","","1801746","5553681",
"Rangitikei District","3/432/10.804","80","S"," ","FLOWER ST","201530080","19/01/2015","Mon","1052","MO","CN1","129A 423A 929 ","F","R","W","B ","F ","D","N","N","050","0","0","0","","","1803027","5550561",
"Rotorua District","ARAWA ST","50","E"," ","TUTANEKAI ST","201531177","25/02/2015","Wed","1648","FD","CE1CC","181A 330A ","","R","D","B ","F "," ","N","R","050","0","0","0","","","1885040","5774221",
"Rotorua District","ASPEN PLACE","150","S"," ","POHUTUKAWA DRIVE","201531103","23/02/2015","Mon","1743","MO","CS1C","103B 327B 514B ","","R","D","O ","F "," ","N","N","050","0","0","0","","","1889400","5775179",
"Rotorua District","BRETT ROAD","730","S"," ","ASH PIT ROAD","201510418","06/02/2015","Fri","1049","DA","CN1","131A 198A ","T","M","D","B ","F "," ","N","C","100","0","1","0","","","1906044","5757599",
"Rotorua District","BROADLANDS ROAD","1000","S"," ","EARLE ROAD","201510002","05/01/2015","Mon","1750","BA","ON1V","129A 358A ","","R","D","B ","F "," "," ","C","100","0","1","0","","","1890511","5731085",
"Rotorua District","DANSEY ROAD","1210","W"," ","TARUKENGA ROAD","201531175","27/02/2015","Fri","0142","DB","CE1","111A 131A ","F","M","D","DO","F "," ","N","C","100","0","0","0","","","1877184","5779367",
"Rotorua District","DEVON ST",""," ","I","RANOLF ST","201530230","28/01/2015","Wed","0750","HA","CE1C","302A 352A 375A ","","M","D","O ","F ","R","G","R","050","0","0","0","","","1884506","5772174",
"Rotorua District","DINSDALE ST","30","S"," ","LAKE ROAD","201530234","24/01/2015","Sat","1630","BB","CN1C","129A 350A ","","E","D","B ","F "," "," ","P","050","0","0","0","","","1883569","5775174",
"Rotorua District","EWERT ST","130","N"," ","HYDE ST","201531342","04/02/2015","Wed","1155","MO","4S1C","371A 929 ","M","R","D","O ","F ","D","N","N","050","0","0","0","","","1882239","5773207",
"Rotorua District","FENTON ST",""," ","I","ARAWA ST","201531341","06/01/2015","Tue","1800","HA","VE2C","302A 404A ","","R","D","O ","F ","R","G","R","050","0","0","0","","","1885180","5774216",
"Rotorua District","FENTON ST","80","N"," ","TI ST","201510456","28/02/2015","Sat","1715","GD","CN1C","101A 181A 330A 930 ","","R","D","B ","F ","D","N","C","050","0","0","1","","","1885158","5773271",
"Rotorua District","GORDON ROAD","120","N"," ","FAIRVIEW ROAD","201511116","21/02/2015","Sat","1330","QD","CS1C","428A 527A 929 ","FH","R","D","B ","F ","D"," ","C","050","0","0","1","","","1882048","5775742",
"Rotorua District","HAMURANA ROAD","1000","W"," ","SH 33","201530964","25/01/2015","Sun","0300","DB","CW1","111A 131A ","T","M","D","DN","F "," "," ","C","100","0","0","0","","","1891473","5784111",
"Rotorua District","HAMURANA ROAD","330","E"," ","TE WAERENGA ROAD","201532446","02/03/2015","Mon","1925","DB","CW1","116A 139A 817 ","T","E","D","TF","F "," "," ","N","100","0","0","0","","","1886745","5785495",
"Rotorua District","HAMURANA ROAD","70","W"," ","TE WAERENGA ROAD","201510198","07/02/2015","Sat","1720","DB","ME1","130A 330A ","F","E","D","B ","F "," ","N","C","080","0","0","1","","","1886367","5785427",
"Rotorua District","HAMURANA ROAD","480","E"," ","UNSWORTH ROAD","201530295","31/01/2015","Sat","1750","DA","CE1","131A 632A 801 ","C","S","W","O ","L "," "," ","C","100","0","0","0","","","1888166","5785300",
"Rotorua District","HATUPATU DRIVE","60","N"," ","QUEENS DRIVE","201532427","23/02/2015","Mon","1554","BD","CN1C","123A 130A 330A 111B 130B 801 ","","M","W","O ","L "," "," ","N","050","0","0","0","","","1885967","5774239",
"Rotorua District","HAUPAPA ST","80","W"," ","TUTANEKAI ST","201532009","04/02/2015","Wed","1740","MB","CW1C","303B 375B 402B ","","R","D","B ","F "," "," ","R","050","0","0","0","","","1884906","5774116",
"Rotorua District","JAMES ST",""," ","I","YORK ST","201532445","27/02/2015","Fri","1627","HA","CS1C","302B 330B ","","R","D","B ","F ","X","G","C","050","0","0","0","","","1883995","5773062",
"Rotorua District","LAKE ROAD",""," ","I","ARIARITERANGI ST","201530753","05/02/2015","Thu","2000","HA","CS2V","322A 402A ","","R","D","B ","F ","X","T","R","050","0","0","0","","","1884164","5774912",
"Rotorua District","MALFROY ROAD WEST","50","E"," ","FORD ROAD","201510451","04/03/2015","Wed","1720","NB","CE1E","711B ","","R","D","B ","F "," ","N","C","050","0","0","1","51","","1882643","5772866",
"Rotorua District","NEIL ROAD","80","S"," ","RUSSELL ROAD","201510016","09/01/2015","Fri","0510","CC","CS1","103A 130A ","C","R","D","DO","F "," "," ","L","050","0","0","1","","","1883463","5775953",
"Rotorua District","OKAREKA LOOP ROAD","590","E"," ","TARAWERA ROAD N","201531173","26/02/2015","Thu","1820","DA","CW1","111A 131A ","C","M","W","O ","L "," ","N","C","100","0","0","0","","","1891379","5770216",
"Rotorua District","PUKUATUA ST","20","W"," ","RANOLF ST","201531340","04/02/2015","Wed","1526","CC","VE1","501A ","C","R","D","B ","F "," "," ","C","050","0","0","0","","","1884562","5774016",
"Rotorua District","PUKUATUA ST",""," ","I","TUTANEKAI ST","201510854","02/03/2015","Mon","1802","NA","CE1E","711B ","","R","D","B ","F ","X","G","R","050","0","0","1","18","","1884983","5774002",
"Rotorua District","RANOLF ST",""," ","A","ROTORUA HOSP ENT","201532443","26/02/2015","Thu","1040","JA","CS1C","308B 330B 404B 930 ","","R","D","B ","F ","D"," ","C","050","0","0","0","","","1884511","5774503",
"Rotorua District","SH 30","3700","N"," ","OHAKURI ROAD","201511115","22/02/2015","Sun","1445","DA","CS1","110A 131A ","C","M","W","O ","L "," "," ","C","100","0","0","1","","","1871064","5754478",
"Rotorua District","SUNRISE AVENUE",""," ","I","REWAREWA ST","201510806","14/02/2015","Sat","2330","CC","CN1","104A 111A 131A 402A ","FS","R","D","DO","F ","T","N","C","050","0","0","1","","","1889362","5774771",
"Rotorua District","TUMUNUI ROAD",""," ","I","CORBETT ROAD","201510405","15/02/2015","Sun","1601","DA","MS1","111A 403A ","","S","D","B ","F ","T","G","C","100","0","0","1","","","1884373","5756521",
"Rotorua District","WHAKAUE ST","25","E"," ","TUTANEKAI ST","201530966","18/01/2015","Sun","2020","EA","CE14","330A 386A 818 ","M","R","D","TF","F "," "," ","R","050","0","0","0","","","1885032","5774441",
"Rotorua District","30/147/0.499",""," ","I","HAMIORA PLACE","201530324","10/01/2015","Sat","1115","QG","CW1","130A 402A 668A 682A ","P","R","D","B ","F ","T","G","R","070","0","0","0","","","1886687","5772512",
"Rotorua District","30/147/2.47","20","E"," ","TENNYSON DRIVE","201530758","11/02/2015","Wed","0800","FD","CW1V","181A 331A ","","R","D","B ","F "," ","N","P","060","0","0","0","","","1888275","5773613",
"Rotorua District","30/147/3.4","30","E"," ","OWHATA ROAD","201531102","23/02/2015","Mon","2040","FD","CW1C","181A 330A ","","R","W","O ","F "," ","N","C","060","0","0","0","","","1888959","5774225",
"Rotorua District","30/147/4.795","130","W"," ","ROBINSON AVENUE","201531174","19/02/2015","Thu","0436","CB","CE1","103A 410A ","P","R","D","DO","F "," ","N","C","070","0","0","0","","","1890007","5775162",
"Rotorua District","30/147/5.036","100","E"," ","ROBINSON AVENUE","201510230","14/01/2015","Wed","1643","CB","VW1","129A 350A ","B","R","D","BF","F "," ","N","P","070","0","0","1","","","1890181","5775313",
"Rotorua District","30/170/7.162","1200","N"," ","TAMATEA ST","201510348","29/01/2015","Thu","1445","DA","CW1","103A 111A 131A 801 ","T","S","W","O ","L "," "," ","C","100","0","0","1","","","1907175","5784323",
"Rotorua District","30/170/16.271","1500","W"," ","MATAHI ROAD","201530741","07/02/2015","Sat","2349","DA","4W1","102A 134A ","","M","D","DO","F "," ","N","C","070","0","0","0","","","1914474","5780539",
"Rotorua District","30A/0/0.51",""," ","I","PUKUATUA ST","201511132","18/02/2015","Wed","1530","NA","4E1E","713B ","","E","D","B ","F ","T","G","R","060","0","0","1","11","","1884052","5774023",
"Rotorua District","30A/0/1.617","15","W"," ","TUTANEKAI ST","201530293","28/01/2015","Wed","1628","MC","CW1C","372B 671B ","","R","D","B ","F "," "," ","R","050","0","0","0","","","1884957","5773665",
"Rotorua District","30A/0/1.852","20","E"," ","FENTON ST","201511117","10/02/2015","Tue","1710","FD","4W1V","110A 331A ","","R","D","B ","F "," "," ","R","050","0","0","1","","","1885192","5773657",
"Rotorua District","30A/0/2.798",""," ","I","TE NGAE ROAD","201532444","12/02/2015","Thu","1000","FA","VS14","181A 387A ","","R","D","B ","F ","T","S","R","070","0","0","0","","","1885625","5773006",
"Rotorua District","30A/0/3.111","100","W"," ","MARGUERITA ST","201510209","10/01/2015","Sat","1200","EA","PE1V","129A 352A ","Q","R","D","BF","F "," ","N","R","070","0","0","1","","","1885789","5772743",
"Rotorua District","33/0/10.659","300","N"," ","MANIATUTU ROAD","201530326","08/01/2015","Thu","1745","DB","VS1","131A 504A ","GST","E","D","O ","F "," "," ","C","100","0","0","0","","","1895766","5788288",
"Rotorua District","36/28/17.664","1000","S"," ","SH 5","201531452","26/02/2015","Thu","1656","FD","CS1VC","110A 350A ","","R","W","O ","L "," ","N","P","080","0","0","0","","","1881786","5780370",
"Rotorua District","5/29/15.894","100","W"," ","SH 36 NGONGOTAHA","201511118","23/02/2015","Mon","1546","FD","TE1B","110A 132A 801 ","","E","W","O ","L "," "," ","C","100","0","0","1","","","1881775","5779402",
"Rotorua District","5/47/1.588","250","N"," ","CLAYTON ROAD","201532008","12/02/2015","Thu","1230","CC","CS1CC","130A 501A ","FIX","R","D","B ","F "," "," ","R","060","0","0","0","","","1883150","5775636",
"Rotorua District","5/50/3.385",""," ","I","MOKOIA DRIVE","201530967","23/01/2015","Fri","0600","DB","4S14","111A 131A ","","M","D","O ","F ","T","S","P","100","0","0","0","","","1884338","5770846",
"Rotorua District","5/56/0.705","500","S"," ","WAIPA MILL ROAD","201530965","25/01/2015","Sun","","CB","CS1","112A 130A ","K","R","D","DN","F "," "," ","C","100","0","0","0","","","1884697","5769143",
"Ruapehu District","HIKAIA ST","15","S"," ","HAYES LANE","201532201","12/02/2015","Thu","1600","EA","CN14","129A ","M","R","D","B ","F ","T","N","C","050","0","0","0","","","1796505","5693686",
"Ruapehu District","MANUAUTE ST","20","S"," ","HAKIAHA ST","201510009","02/01/2015","Fri","1420","MO","CN1V","130A 501A ","JMP","R","D","B ","F "," "," ","N","050","0","0","1","","","1796283","5693747",
"Ruapehu District","TAITUA ST",""," ","I","MAATA ST","201510141","21/01/2015","Wed","0630","HA","CE14","102B 302B 375B ","","R","D","B ","F ","X","G","C","050","0","0","1","","","1796947","5693584",
"Ruapehu District","WAITEA BRANCH ROAD","290","W"," ","AKO ST","201510142","06/01/2015","Tue","1855","DB","CS1","130A 501A ","","S","D","TN","FF"," ","N","C","100","0","0","4","","","1806144","5687843",
"Ruapehu District","1N/794/10.569","200","S"," ","ACCESS ROAD NO 17","201510366","01/01/2015","Thu","0550","CC","CS1","130A 195A 402A 407A 412A ","","R","W","O ","L "," "," ","C","100","0","1","1","","","1832882","5636198",
"Ruapehu District","1N/794/20.63",""," ","I","SH 49","201530079","19/01/2015","Mon","1915","KB","CS1V","302B 375B ","","R","D","TF","F ","T","G","C","070","0","0","0","","","1829516","5626858",
"Ruapehu District","1N/815/0.896","500","S"," ","HASSETT DRIVE","201530793","10/02/2015","Tue","1150","BE","TS1C","112A 330A ","","R","D","B ","F "," ","N","C","100","0","0","0","","","1829687","5625981",
"Ruapehu District","4/70/7.061","900","E"," ","RATA ST","201510140","25/01/2015","Sun","0705","CC","CW1","125A 410A ","V","R","D","B ","F "," ","N","C","100","0","0","1","","","1802239","5692584",
"Ruapehu District","43/97/9.147","2050","S"," ","WARO ROAD","201531899","13/02/2015","Fri","1300","DA","CN1","131A ","EF","M","D","B ","F "," "," ","N","100","0","0","0","","","1768228","5687624",
"Ruapehu District","47/9/1.4","1400","N"," ","SH 48","201532054","01/02/2015","Sun","0815","CC","VN1","129A 134A 358A 404A ","X","R","W","B ","F "," "," ","C","100","0","0","0","","","1816208","5663620",
"Ruapehu District","47/26/0",""," ","I","SH 46","201530310","05/01/2015","Mon","1030","CB","CN1","129A 130A 358A ","SX","R","D","B ","F ","T","G","P","100","0","0","0","","","1825718","5675094",
"Ruapehu District","49/29/9.031",""," ","I","SH 1N","201530796","08/02/2015","Sun","1420","FB","CE1C","181A 387A ","","M","D","B ","F ","T","G","P","070","0","0","0","","","1829516","5626858",
"Selwyn District","BLUFF ROAD","100","E"," ","BARRS ROAD","201510145","09/01/2015","Fri","0100","DB","VE1","104A 111A ","T","M","D","DN","F "," ","N","C","100","0","1","0","","","1517302","5196039",
"Selwyn District","DAYS ROAD","600","S"," ","POWELLS ROAD","201530088","13/01/2015","Tue","2045","MG","CN1C","350B 371B ","","R","D","O ","F "," ","N","C","100","0","0","0","","","1554598","5162172",