"TLA NAME","CRASH ROAD","CRASH DIST","CRASH DIRN","INTSN","SIDE ROAD","CRASH ID","CRASH DATE","CRASH DOW","CRASH TIME","MVMT","VEHICLES","CAUSES","OBJECTS STRUCK","ROAD CURVE","ROAD WET","LIGHT","WTHRa","JUNC TYPE","TRAF CTRL","ROAD MARK","SPD LIM","CRASH FATAL CNT","CRASH SEV CNT","CRASH MIN CNT","PERS AGE1","PERS AGE2","EASTING","NORTHING"
"Tararua District","3/491/8.705","50","E"," ","NORMANBY ST","201532264","19/02/2015","Thu","1430","MC","4W1C","372B 671B ","","R","D","B ","F "," "," ","C","050","0","0","0","","","1843155","5531021",
"Tasman District","ANISEED VALLEY ROAD",""," ","I","HAYCOCK ROAD","201532077","11/02/2015","Wed","1945","DA","CS2","111A 131A 402A 433A ","F","E","D","B ","F ","T","G","C","080","0","0","0","","","1612766","5419651",
"Tasman District","CHAMBERLAIN ST","80","N"," ","COLLEGE ST","201530023","13/01/2015","Tue","2200","CC","CN1","112A 402A ","P","R","D","DO","F "," ","N","N","070","0","0","0","","","1598261","5447621",
"Tasman District","GILBERT ST","25","N"," ","WARREN KELLY ST","201532024","05/02/2015","Thu","1515","EE","CN1C","374B ","M","R","D","B ","F "," "," ","C","050","0","0","0","","","1616489","5423224",
"Tasman District","KERR HILL ROAD","180","N"," ","KORERE-TOPHOUSE ROAD","201531629","02/02/2015","Mon","1115","DA","CN1","111A 131A 407A ","CV","M","D","B ","F "," "," ","C","100","0","0","0","","","1589503","5387266",
"Tasman District","KORERE-TOPHOUSE ROAD","500","S"," ","WAIREKA ROAD","201510195","24/01/2015","Sat","1005","DB","MN1","139A 402A ","","M","D","B ","F "," ","N","C","100","0","0","1","","","1591476","5377698",
"Tasman District","LEE RIVER ROAD","750","S"," ","LEE VALLEY ROAD","201510841","19/02/2015","Thu","2336","DB","CS1","101A 131A 410A ","FV","M","D","DN","F "," "," ","C","100","0","0","1","","","1613584","5407904",
"Tasman District","LOWER QUEEN ST",""," ","I","LANSDOWNE ROAD","201531738","24/02/2015","Tue","1600","DA","TE2","631A ","G","S","D","B ","F ","X","G","R","080","0","0","0","","","1612523","5427100",
"Tasman District","MATAKITAKI ROAD","1400","S"," ","FAIRFAX ST","201532441","20/02/2015","Fri","1230","CB","4S1","130A 354A ","FPV","R","D","B ","F "," "," ","C","100","0","0","0","","","1544416","5369477",
"Tasman District","MATAKITAKI WEST BANK ROAD","200","S"," ","JOHNSON CRK BR","201532306","18/02/2015","Wed","2130","DB","VS1","131A 402A 687A ","E","E","D","DN","F "," "," ","N","100","0","0","0","","","1543279","5366357",
"Tasman District","MOUTERE HIGHWAY",""," ","I","REDWOOD VALLEY LANE","201531425","27/02/2015","Fri","1700","KA","CW14","302B 375B ","","R","D","B ","F ","T","G","C","050","0","0","0","","","1606544","5427666",
"Tasman District","MOUTERE HIGHWAY","570","E"," ","SUNRISE ROAD","201530021","11/01/2015","Sun","0720","CC","CW1","129A 415A ","FP","R","D","B ","F "," ","N","L","100","0","0","0","","","1601616","5430556",
"Tasman District","PATON ROAD",""," ","I","HART ROAD","201510050","26/01/2015","Mon","0933","KB","CE1S","302A 375A ","","S","D","B ","F ","R","G","R","060","0","1","0","","55","1614563","5422230",
"Tasman District","SH 6 WHAKATU",""," ","I","LINK ROAD","201531631","02/02/2015","Mon","1244","DA","4S1","131A 800 901 ","F","E","W","O ","H ","R","G","C","100","0","0","0","","","","",
"Tasman District","THORP ST","20","S"," ","GLENAVEN DRIVE","201510797","27/02/2015","Fri","0750","EA","CS1C","129A 350A ","M","R","D","B ","F "," "," ","C","050","0","0","1","","","1601726","5448067",
"Tasman District","WHARARIKI ROAD","50","N"," ","FREEMAN ACCESS","201531311","10/01/2015","Sat","1345","CB","CS1","130A 404A 407A 818 ","EZ","R","D","B ","F "," "," ","N","050","0","0","0","","","1577415","5514001",
"Tasman District","Z BCH PUNA PAUA","500","E"," ","COWIN ROAD","201510732","09/02/2015","Mon","0910","MO","MN1","110A 130A 402A 801 812 ","X","E","W","O ","L "," "," ","N","100","0","1","0","","","1553406","5502011",
"Tasman District","6/116/12.149","800","N"," ","MCGLASHEN AVENUE","201531660","09/01/2015","Fri","1305","FD","CW1CX","110A 331A ","","R","D","B ","F "," "," ","C","100","0","0","0","","","1616076","5424173",
"Tasman District","6/116/14.105",""," ","I","POUTAMA ST","201532074","19/02/2015","Thu","0845","FD","CS1T","181A 331A ","","R","D","B ","F ","T","G","C","050","0","0","0","","","1614425","5423207",
"Tasman District","6/131/4.615",""," ","I","CLOVER ROAD","201510051","09/01/2015","Fri","1005","GD","CE1VV","197A 333A 197C 331C ","","R","D","B ","F ","X","S","L","100","0","0","1","","","1610516","5419965",
"Tasman District","6/131/6.12","200","W"," ","ELLIS ST","201532269","28/02/2015","Sat","1428","DA","CW1","197A ","F","M","D","B ","F "," "," ","L","080","0","0","0","","","1609346","5419035",
"Tasman District","6/184/9.451","1500","E"," ","HOPE SADDLE","201530009","12/01/2015","Mon","1839","DB","CE1","111A ","C","S","D","B ","F "," ","N","C","100","0","0","0","","","1577598","5391905",
"Tasman District","6/209/5.191","1200","E"," ","GOWAN VALLEY ROAD","201510194","01/02/2015","Sun","1730","DA","CE1","111A 131A ","C","M","W","O ","L "," ","N","C","100","0","0","1","","","1563919","5382283",
"Tasman District","6/209/8.49","800","W"," ","GRANITY CREEK BR","201510203","02/01/2015","Fri","1100","CB","CW1","112A 407A ","C","R","D","BN","F "," ","N","C","100","0","0","1","","","1561075","5383100",
"Tasman District","6/209/13.207","300","N"," ","RAIT ROAD","201531125","05/02/2015","Thu","1730","DA","CN1","110A 132A ","T","M","W","O ","L "," ","N","C","100","0","0","0","","","1556763","5383988",
"Tasman District","6/209/15.441","700","N"," ","DOUGHBOY ROAD","201531128","12/02/2015","Thu","1820","DB","CN1","103A 359A ","T","M","D","B ","F "," ","N","C","100","0","0","0","","","1554892","5384781",
"Tasman District","6/225/4.182","800","N"," ","CLAYBANK BR","201510518","29/01/2015","Thu","1105","QG","CS1","111A 131A 400A 688A ","F","E","D","B ","F "," "," ","L","100","0","1","1","","","1551809","5382422",
"Tasman District","6/255/0.635","500","S"," ","OSULLIVANS BR","201510197","05/02/2015","Thu","1226","BE","MS14","205A 404A ","","R","W","O ","L "," ","N","C","100","0","1","0","","","1534569","5374305",
"Tasman District","6/255/6.069",""," ","A","NEWTON BR","201530008","14/01/2015","Wed","1130","FA","CN1C","112A 181A ","","R","D","B ","F "," ","N","C","100","0","0","0","","","1531599","5374729",
"Tasman District","60/0/14.347",""," ","I","MAPUA DRIVE","201532255","19/01/2015","Mon","0930","LB","VS1C","303B ","","R","D","B ","F ","T","G","C","100","0","0","0","","","1605928","5433170",
"Tasman District","MARTIN LOOP S",""," ","I","60/15/10.305","201531739","19/02/2015","Thu","1500","GE","VS1C","151A 160A ","","R","D","B ","F ","T","G","C","100","0","0","0","","","1602853","5442250",
"Tasman District","60/15/15.27",""," ","I","WHARF ROAD","201530992","13/01/2015","Tue","1900","HA","4N1V","302A 375A ","","E","D","B ","F ","R","G","R","050","0","0","0","","","1600833","5446428",
"Tasman District","60/33/0",""," ","I","KING EDWARD ST","201510582","09/01/2015","Fri","1420","LB","VN1C","303B 330B 412B ","","R","D","B ","F ","X","S","C","050","0","0","1","","","1600877","5447440",
"Tasman District","60/33/1.604","20","N"," ","GREENWOOD ST","201531737","17/02/2015","Tue","1255","KB","CS1C","303B 308B 927 ","","R","D","O ","F ","D","N","P","050","0","0","0","","","1600937","5449042",
"Tasman District","60/56/0.05","50","W"," ","CANAAN ROAD","201532026","08/02/2015","Sun","1810","DA","CW1","129A 131A 363A 902 ","FX","E","D","B ","F "," "," ","C","100","0","0","0","","","1591123","5458970",
"Tasman District","60/70/17.574","2000","S"," ","CENTRAL TAKAKA ROAD","201531686","04/02/2015","Wed","1645","DA","CN1","131A 412A ","EF","E","D","O ","F "," "," ","C","100","0","0","0","","","1583537","5473234",
"Tasman District","60/89/3.395",""," ","I","BUXTON LANE","201532202","13/02/2015","Fri","1050","LB","SS1C","303B 330B ","","R","D","B ","F ","T","N","C","050","0","0","0","","","1583673","5476952",
"Tasman District","60/89/10.727","450","E"," ","ONAHAU ROAD","201510463","15/01/2015","Thu","1745","BF","VS1C","110A 134A 358A ","T","M","D","B ","F "," ","N","C","100","0","0","1","","","1579839","5481887",
"Tasman District","65/36/2.682","2600","S"," ","MARUIA SADDLE ROAD","201530271","11/01/2015","Sun","0930","QG","4S1","131A 680A ","","E","D","B ","F "," "," ","C","100","0","0","0","","","1537646","5342144",
"Taupo District","CENTENNIAL DRIVE",""," ","I","CENTENNIAL ON NBD","201530358","09/02/2015","Mon","2300","CB","CS1","129A 130A ","S","R","D","DO","F ","T","G","P","100","0","0","0","","","1869977","5715367",
"Taupo District","CROWN ROAD","30","E"," ","FLEET ST","201510737","05/02/2015","Thu","1535","NB","CE1K","110A 376A 710B ","","R","D","B ","F "," "," ","X","050","0","0","1","12","","1869700","5712925",
"Taupo District","GASCOIGNE ST","15","S"," ","SPA ROAD","201530355","06/01/2015","Tue","1430","MO","4S1V","371A ","","R","D","B ","F "," "," ","N","050","0","0","0","","","1867192","5713788",
"Taupo District","HUKA FALLS ROAD","400","N"," ","CLEARWATER LANE","201530356","26/01/2015","Mon","1200","BC","VN1T","129A 129B ","","E","D","B ","F "," "," ","N","080","0","0","0","","","1868064","5715678",
"Taupo District","HUKA FALLS ROAD",""," ","I","HUKA FALLS CARPARK ACCESS","201530202","16/01/2015","Fri","2023","JA","CS1C","302B 330B 375B ","","M","D","TN","F ","T","G","C","080","0","0","0","","","1868730","5717491",
"Taupo District","HUKA FALLS ROAD",""," ","A","HUKA FALLS ENT","201531742","20/02/2015","Fri","0945","KB","CE1C","303B 404B 930 ","","E","D","B ","F ","D","N","C","080","0","0","0","","","1868728","5717526",
"Taupo District","POIHIPI ROAD","100","N"," ","MAPARA ROAD","201510350","02/02/2015","Mon","1800","DB","CS1","131A 800 ","E","M","W","O ","F "," "," ","L","100","0","0","1","","","1863092","5720755",
"Taupo District","POIHIPI ROAD","200","N"," ","TUKAIRANGI ROAD","201510099","17/01/2015","Sat","2020","CA","MS1","112A 130A 402A 811 ","C","R","D","B ","F "," "," ","C","100","0","1","0","","","1865734","5718556",
"Taupo District","RANGIAMOHIA ROAD","60","E"," ","POIHAERE ST W","201531741","20/02/2015","Fri","0710","FA","CE1S","129A 645A 902 ","","R","D","B ","F "," "," ","C","050","0","0","0","","","1842688","5680564",
"Taupo District","RIFLE RANGE ROAD",""," ","I","KAKA ST","201510798","20/02/2015","Fri","2000","GB","SS1C","183B 372B ","","R","D","TO","F ","T","N","C","050","0","0","1","","45","1867857","5712945",
"Taupo District","SPA ROAD",""," ","I","A C BATHS AVENUE","201510309","30/01/2015","Fri","0215","CC","4E1","102A 130A 504A 801 817 ","T","R","W","DO","L ","T","G","C","060","0","0","1","","","1869031","5714466",
"Taupo District","SPA ROAD","20","W"," ","PIHANGA ST","201530357","03/01/2015","Sat","1500","MO","TW1V","386A ","M","R","D","B ","F "," "," ","N","050","0","0","0","","","1868314","5714093",
"Taupo District","SPA ROAD",""," ","I","TAUHARA ROAD","201532064","13/01/2015","Tue","1155","LB","CW1C","302A 375A 671A ","","E","D","B ","F ","T","G","C","050","0","0","0","","","1868659","5714265",
"Taupo District","SPA ROAD",""," ","I","TOTARA ST","201531740","25/02/2015","Wed","1730","GE","4E1C","112A 130A 160A ","","R","D","B ","F ","T","N","C","050","0","0","0","","","1868571","5714224",
"Taupo District","TAMATEA ROAD",""," ","I","HINEMOA AVENUE","201530200","14/01/2015","Wed","1851","LB","CS1V","197A 303B 375B ","","R","D","B ","F ","T","G","C","050","0","0","0","","","1869351","5712659",
"Taupo District","TAUPO VIEW ROAD","200","W"," ","TAMATEA ROAD","201510351","03/02/2015","Tue","1250","DA","CW1","130A 354A ","JP","E","D","B ","F "," "," ","C","050","0","0","1","","","1869174","5712621",
"Taupo District","TONGA ST",""," ","I","SCANNELL ST","201531839","31/01/2015","Sat","","GE","CW1V","191A 387A 144B 193B 372B ","","R","D","B ","F ","T","N","R","050","0","0","0","","","1868291","5713607",
"Taupo District","TUWHARETOA ST","80","W"," ","RUAPEHU ST","201531743","20/02/2015","Fri","2025","MG","CE14","371B ","","R","D","TO","F "," "," ","C","050","0","0","0","","","1867088","5713270",
"Taupo District","TUWHARETOA ST","100","W"," ","RUAPEHU ST","201531198","07/03/2015","Sat","1200","MO","CW1C","386A ","M","R","D","O ","F "," ","N","C","050","0","0","0","","","1867069","5713276",
"Taupo District","WAIPAPA ROAD","4200","W"," ","SCOTT ROAD","201510432","19/02/2015","Thu","0850","DB","CE1","137A 197A 407A ","C","M","D","B ","F "," ","N","C","100","0","0","1","","","1836028","5751881",
"Taupo District","WERETA ROAD","5900","S"," ","POIHIPI ROAD","201510310","18/01/2015","Sun","1615","CC","CS1","112A 130A 195A 402A ","F","R","D","B ","F "," "," ","N","100","0","0","1","","","1850695","5725783",
"Taupo District","WHANGAMATA ROAD","4090","W"," ","KINLOCH ROAD","201510740","26/01/2015","Mon","1552","BF","CN1C","103A 131A ","","E","D","B ","F "," "," ","C","100","0","0","2","","","1852471","5720408",
"Taupo District","WHARF ROAD","310","N"," ","SH 41","201530790","05/02/2015","Thu","1930","DB","CS1","111A 138A ","","M","D","O ","F "," ","N","N","050","0","0","0","","","1839430","5684158",
"Taupo District","1N/664/1.378","330","W"," ","HANUI ROAD","201532203","17/02/2015","Tue","0640","BF","TE1T","130A 350A ","","E","D","B ","F "," "," ","C","100","0","0","0","","","1864399","5745859",
"Taupo District","1N/664/11.362","550","S"," ","FLETCHERS ROAD","201530284","21/01/2015","Wed","1921","DA","CS1","116A 139A 191A 817 ","","E","D","B ","F "," "," ","L","100","0","0","0","","","1866916","5737648",
"Taupo District","1N/680/13.461","850","N"," ","KAURI DRIVE","201531400","05/03/2015","Thu","2130","CC","CS1","112A 116A ","C","R","D","B ","F "," ","N","N","080","0","0","0","","","1869481","5721604",
"Taupo District","1N/680/14.331","20","S"," ","KAURI DRIVE","201530272","29/01/2015","Thu","1145","FA","CN1C","333A ","","R","D","O ","F "," "," ","P","100","0","0","0","","","1869768","5720789",
"Taupo District","1N/680/14.561","250","S"," ","KAURI DRIVE","201530274","19/01/2015","Mon","0435","MC","VN1V","372B 671B ","","E","D","TO","F "," "," ","P","100","0","0","0","","","1869821","5720566",
"Taupo District","1N/695/2.088","2000","N"," ","SH 5","201510315","21/01/2015","Wed","2311","DB","CS1","116A 131A 336A 810 817 ","","E","D","DN","F "," "," ","N","100","0","2","0","","","1868893","5719164",
"Taupo District","1N/695/7.384","60","N"," ","NORMAN SMITH ST","201530921","12/01/2015","Mon","1640","MC","CN1C","181A 386A ","","R","D","B ","F "," "," ","R","050","0","0","0","","","1866993","5714344",
"Taupo District","1N/695/8.855",""," ","I","RUAPEHU ST","201510472","05/03/2015","Thu","1640","LB","SE1C","303B 375B ","","R","D","B ","F ","T","N","P","050","0","0","1","","67","1867111","5713076",
"Taupo District","1N/726/11.611","10","W"," ","RAWHIRA ROAD","201530413","08/02/2015","Sun","1130","FA","CW1C","181A 330A 191B ","","R","D","B ","F ","T","G","C","100","0","0","0","","","1853582","5689538",
"Taupo District","1N/763/10.79","1400","N"," ","TREE TRUNK GORGE ROAD","201530401","27/01/2015","Tue","2335","DB","CS1","111A 410A ","S","S","D","DN","F "," ","N","C","100","0","0","0","","","1838980","5662170",
"Taupo District","1N/763/12.59","400","S"," ","TREE TRUNK GORGE ROAD","201510144","28/01/2015","Wed","2120","BF","CS1T","150A 197A 613A ","","M","D","DN","F "," ","N","C","100","0","0","1","","","1838979","5660634",
"Taupo District","1N/777/0.943","3570","S"," ","TREE TRUNK GORGE ROAD","201510107","12/01/2015","Mon","1300","DB","MN1","111A 402A ","G","S","D","B ","FS"," ","N","C","100","0","1","0","","","1838755","5659128",
"Taupo District","1N/777/1.5","1500","S"," ","OTURERE BR","201510706","16/01/2015","Fri","1301","DB","MS1","131A 191A 804 ","","E","D","B ","F "," "," ","L","100","0","1","0","","","1838229","5658956",
"Taupo District","32/29/15.763","3300","S"," ","POIHIPI ROAD","201510739","09/02/2015","Mon","1931","DB","CN1","131A 407A ","E","E","D","B ","F "," "," ","C","100","0","0","1","","","1845635","5729996",
"Taupo District","32/57/0.56","190","N"," ","TIHOI MILL ROAD","201510045","09/01/2015","Fri","1330","FA","MN1M","181A 331A 181B 331B 817 ","","R","D","B ","F "," "," ","N","100","0","1","1","","","1837051","5721379",
"Taupo District","41/37/18.564","160","N"," ","TOKAANU BR","201532013","07/02/2015","Sat","1415","FD","VN1C","181A 191B ","","E","D","B ","F "," "," ","C","100","0","0","0","","","1840228","5681989",
"Taupo District","41/37/19.268",""," ","I","SH 47","201510008","03/01/2015","Sat","1404","DB","CN1C","111A 131A 404A ","I","R","D","B ","F ","T","G","R","100","0","0","3","","","1840784","5681564",
"Taupo District","41/56/2.51",""," ","I","OHUANGA ROAD","201530789","05/02/2015","Thu","1710","GE","CE1C","157A 160A ","","R","D","B ","F ","X","G","C","100","0","0","0","","","1842724","5679978",
"Taupo District","47/29/17.065",""," ","I","SH 41","201510473","25/02/2015","Wed","1600","DB","CE1","111A 131A ","","E","D","B ","F ","T","G","C","100","0","0","2","","","1840784","5681564",
"Taupo District","5/99/9.94","2000","N"," ","TE TOKE ROAD","201530201","13/01/2015","Tue","1500","DA","CS1","131A 407A ","C","E","D","B ","F "," "," ","L","100","0","0","0","","","1882725","5727062",
"Taupo District","5/150/3.059","2000","N"," ","HIGH LEVEL ROAD","201530273","28/01/2015","Wed","1340","CB","VS1","404A 410A ","X","R","D","O ","F "," "," ","C","100","0","0","0","","","1881322","5701657",
"Taupo District","5/169/5.276","2300","W"," ","MATEA ROAD","201531744","19/02/2015","Thu","1645","BF","TW1T","131A 410A ","","E","D","B ","F "," "," ","C","100","0","0","0","","","1897665","5688165",
"Tauranga City","BEAUMARIS BOULEVARD",""," ","I","BETHLEHEM HEIGHTS","201532061","14/02/2015","Sat","1720","DA","CN1","103A 131A 433A ","F","M","D","B ","F ","R","G","R","050","0","0","0","","","1874720","5822935",
"Tauranga City","BIRCH AVENUE","100","E"," ","CYPRESS ST","201531195","19/02/2015","Thu","1904","CA","CE1V","112A 433A ","M","R","D","B ","F "," ","N","C","050","0","0","0","","","1877157","5822821",
"Tauranga City","CAMERON ROAD","60","N"," ","CORNWALL ST","201530294","29/01/2015","Thu","1800","GA","CN1C","331A 923 ","","R","D","O ","F ","D"," ","P","050","0","0","0","","","1876255","5820199",
"Tauranga City","CAMERON ROAD","100","S"," ","ELEVENTH AVENUE","201531186","06/03/2015","Fri","1040","FD","CN1C","112A 331A ","","R","D","O ","F "," ","N","R","050","0","0","0","","","1878482","5822872",
"Tauranga City","CAMERON ROAD",""," ","I","FOURTH AVENUE","201510215","13/01/2015","Tue","1450","CB","CS1E","112A ","HSX","R","D","OF","F ","X","G","R","050","0","0","2","15","","1879034","5823770",
"Tauranga City","CAMERON ROAD",""," ","I","NINTH AVENUE","201530300","06/01/2015","Tue","1120","GC","CS1C","171A 504A ","","M","D","B ","F ","R","G","R","050","0","0","0","","","1878747","5823289",
"Tauranga City","CAMERON ROAD",""," ","I","PARK ST","201530961","12/01/2015","Mon","0353","DC","CW2","130A 501A ","T","R","D","DO","F ","T","G","N","050","0","0","0","","","1879247","5825047",
"Tauranga City","CAMERON ROAD","30","S"," ","THIRTEENTH AVENUE","201532218","20/02/2015","Fri","1600","FD","TN1CC","181A 331A ","","R","D","B ","F "," "," ","C","050","0","0","0","","","1878279","5822643",
"Tauranga City","CAMERON ROAD","15","N"," ","TWENTYFIRST AVENUE","201532219","23/02/2015","Mon","0840","FA","CN1C","181A 427A ","","R","W","O ","F "," "," ","P","050","0","0","0","","","1877305","5821607",
"Tauranga City","CAMERON ROAD","130","N"," ","TWENTYTHIRD AVENUE","201532060","11/02/2015","Wed","1633","AA","CN1C","184A 357A ","","R","D","B ","F "," "," ","C","050","0","0","0","","","1877127","5821447",
"Tauranga City","CHADWICK ROAD","130","E"," ","CAMERON ROAD","201510216","14/01/2015","Wed","1015","NA","CE1E","306A ","","R","D","BF","F "," ","N","X","050","0","0","1","43","","1876218","5819856",
"Tauranga City","CONCORD AVENUE",""," ","I","LINKS AVENUE","201510414","11/02/2015","Wed","0820","JA","CE1S","302B 353B ","","R","D","B ","F ","T","G","C","050","0","0","1","","14","1884047","5825716",
"Tauranga City","DEVON ST",""," ","I","KITEROA ST","201532059","31/01/2015","Sat","1020","DA","CW1","111A 131A 402A 801 ","K","R","W","O ","L ","T","G","C","050","0","0","0","","","1876114","5819300",
"Tauranga City","DIVE CRESCENT","500","S"," ","MARSH ST","201532408","15/02/2015","Sun","1745","MO","CN1C","386A ","M","R","D","B ","F "," "," ","C","050","0","0","0","","","1879632","5825144",
"Tauranga City","DOMAIN ROAD",""," ","I","DONCASTER DRIVE","201510199","22/01/2015","Thu","1757","JA","CS1C","102B 302B ","","R","D","B ","F ","T","G","P","050","0","0","4","","","1889580","5821607",
"Tauranga City","ELEVENTH AVENUE",""," ","I","EDGECUMBE ROAD","201511107","24/02/2015","Tue","1545","JA","SE1C","301B 375B ","","R","D","B ","F ","T","S","C","050","0","0","1","","9","1878335","5823074",
"Tauranga City","ELEVENTH AVENUE","5","E"," ","NORRIS ST","201510465","17/02/2015","Tue","1440","MO","CN1V","130A 330A 386A 930 ","","R","D","B ","F ","D","N","C","050","0","0","1","","","1878661","5822884",
"Tauranga City","ELEVENTH AVENUE",""," ","I","ST JOHN ST","201511106","24/02/2015","Tue","1730","LB","CE1S4","158A 208A 377A 314B ","","R","D","B ","F ","X","S","R","050","0","1","0","","37","1878443","5823011",
"Tauranga City","FIRST AVENUE","50","W"," ","DEVONPORT ROAD","201532221","21/02/2015","Sat","0915","ME","CE1C","386A 387A 371B ","M","R","D","B ","F "," "," ","C","050","0","0","0","","","1879378","5824033",
"Tauranga City","GRANGE ROAD","30","N"," ","COACH DRIVE","201530287","29/01/2015","Thu","0140","CA","CS1","103A 110A 130A ","K","R","D","DO","F "," "," ","C","050","0","0","0","","","1877381","5825239",
"Tauranga City","GRAVATT ROAD",""," ","I","BAHAMAS KEY","201510208","06/01/2015","Tue","1300","FD","PE1C","331A 358A ","","R","D","BN","F ","T","N","C","050","0","0","1","","","1888193","5822596",
"Tauranga City","GRENADA ST","30","E"," ","MONOWAI ST","201531841","05/02/2015","Thu","2134","EA","CS1C","130A 205A 402A 420A ","M","R","D","DO","F "," "," ","C","050","0","0","0","","","1885058","5825136",
"Tauranga City","HULL ROAD","200","W"," ","NEWTON ST","201530208","13/01/2015","Tue","0800","GA","VW1V","333A 927 ","","E","D","B ","F ","D"," ","C","050","0","0","0","","","1881852","5827655",
"Tauranga City","KINGSWOOD ROAD",""," ","I","GROSMONT TERRACE","201510196","31/01/2015","Sat","1200","HA","SS1C","112A 302A 320A ","","R","D","B ","F ","X","G","C","050","0","0","1","","12","1876808","5823927",
"Tauranga City","LEVERS ROAD",""," ","I","RANUI ST","201510258","27/01/2015","Tue","1040","GD","CW1C","181A ","","R","D","BF","F ","T","N","C","050","0","0","1","","","","",
"Tauranga City","MALEME ST","200","W"," ","TANGMERE PLACE","201532609","02/03/2015","Mon","0930","JA","4W1C","308B 330B 927 ","","R","D","B ","F ","D"," ","C","050","0","0","0","","","1876538","5818779",
"Tauranga City","MAUNGANUI ROAD",""," ","I","PRINCE AVENUE","201531194","09/03/2015","Mon","0800","LB","CN1P","302A 375A ","","M","D","O ","F ","R","G","C","050","0","0","0","","","1880888","5829598",
"Tauranga City","MAUNGANUI ROAD","100","S"," ","PURIRI ST","201530263","22/01/2015","Thu","1100","FC","CS1C","331A 358A ","","R","D","B ","F "," "," ","R","050","0","0","0","","","1881461","5828703",
"Tauranga City","MAUNGANUI ROAD","190","S"," ","TUI ST","201510703","05/02/2015","Thu","2130","MC","CN1S","105B 372B ","","R","D","DO","F "," "," ","C","050","0","0","1","","52","1882708","5826978",
"Tauranga City","MAY ST","160","N"," ","BANKS AVENUE","201530267","26/01/2015","Mon","1115","MO","CN1C","371A 929 ","M","R","D","B ","F ","D"," ","C","050","0","0","0","","","1880993","5829623",
"Tauranga City","MEADOWLAND ST","300","S"," ","TARATA ST","201531364","04/02/2015","Wed","1639","EA","CS14","103A 131A ","M","S","D","O ","F "," "," ","C","050","0","0","0","","","1876360","5826434",
"Tauranga City","MOFFAT ROAD","160","S"," ","SH 2","201530962","16/01/2015","Fri","1731","FC","CN1C","181A 331A ","","R","D","B ","F "," "," ","R","050","0","0","0","","","1874412","5823254",
"Tauranga City","NGATAI ROAD","160","E"," ","OTUMOETAI ROAD","201530011","17/01/2015","Sat","2104","DA","CE1","103A 111A ","P","E","D","B ","F "," ","N","C","050","0","0","0","","","1877123","5826639",
"Tauranga City","OCEANBEACH ROAD",""," ","I","GOLF ROAD","201530764","11/02/2015","Wed","1730","FE","CN1C","181A 330A ","","R","D","B ","F ","T","T","C","080","0","0","0","","","1883531","5827111",
"Tauranga City","OROPI ROAD","100","S"," ","CHADWICK ROAD","201510121","02/01/2015","Fri","0700","CA","ME1","130A 350A ","","R","D","B ","F "," ","N","C","060","0","0","1","","","1876649","5819407",
"Tauranga City","OTUMOETAI ROAD",""," ","I","WAIHI ROAD","201530262","15/01/2015","Thu","1608","DB","CS1","131A 358A ","P","M","D","B ","F ","R","G","C","050","0","0","0","","","1876352","5823234",
"Tauranga City","PAPAMOA BEACH ROAD","150","S"," ","PACIFIC VIEW ROAD","201531887","24/02/2015","Tue","1717","GE","VS1C","160A 145B 929 ","","R","D","B ","F ","D","N","C","060","0","0","0","","","1887185","5824146",
"Tauranga City","PHILLIPS DRIVE",""," ","I","OROPI ROAD","201510305","08/01/2015","Thu","1120","DB","CE1","131A 358A ","DX","M","D","B ","F ","T","G","R","050","0","0","1","","","1876772","5817125",
"Tauranga City","POOLES ROAD",""," ","I","DEVON ST","201510026","13/01/2015","Tue","1100","KB","PN1C","302B 375B ","","R","D","B ","F ","T","G","C","050","0","0","1","","","1876275","5819479",
"Tauranga City","PRINCESS ROAD","110","N"," ","WESTWOOD ST","201510466","18/02/2015","Wed","1118","DA","CS1","692A ","J","S","D","B ","F "," ","N","C","050","0","0","1","","","1875517","5825130",
"Tauranga City","SIXTEENTH AVENUE",""," ","I","CAMERON ROAD","201530700","30/01/2015","Fri","1300","FB","CS1C","181A 330A ","","R","D","B ","F ","X","S","C","050","0","0","0","","","1877932","5822224",