"TLA NAME","CRASH ROAD","CRASH DIST","CRASH DIRN","INTSN","SIDE ROAD","CRASH ID","CRASH DATE","CRASH DOW","CRASH TIME","MVMT","VEHICLES","CAUSES","OBJECTS STRUCK","ROAD CURVE","ROAD WET","LIGHT","WTHRa","JUNC TYPE","TRAF CTRL","ROAD MARK","SPD LIM","CRASH FATAL CNT","CRASH SEV CNT","CRASH MIN CNT","PERS AGE1","PERS AGE2","EASTING","NORTHING"
"Waitaki District","1S/583/0.185","90","S"," ","WORKS ROAD","201531849","16/02/2015","Mon","1145","CB","CS1","130A 650A ","X","R","D","B ","F "," "," ","C","100","0","0","0","","","1444383","5011224",
"Waitaki District","1S/583/4.277","400","N"," ","REDCASTLE ROAD","201531650","24/01/2015","Sat","1723","FA","CN1V","331A 358A ","","R","D","B ","F "," "," ","P","050","0","0","0","","","1442221","5007749",
"Waitaki District","1S/583/7.345",""," ","I","TRENT ST","201510565","22/01/2015","Thu","0645","DB","PS1C","131A ","M","R","D","B ","F ","T","G","C","050","0","0","1","","","1440663","5005117",
"Waitaki District","1S/583/12.815",""," ","I","THOUSAND ACRE ROAD","201531695","13/02/2015","Fri","1236","JA","TS1C","130A 197A 301B 330B 375B 507B ","F","E","D","B ","F ","T","S","L","080","0","0","0","","","1436237","5002877",
"Waitaki District","1S/583/14.4","400","E"," ","FORTIFICATION ROAD","201530002","09/01/2015","Fri","0422","CB","CE1","410A ","FPV","R","D","DN","F "," ","N","C","100","0","0","0","","","1434948","5001944",
"Waitaki District","1S/618/11.684","500","N"," ","HILLGROVE-MOERAKI ROAD","201532254","18/02/2015","Wed","1023","FA","4N1C","181A 191B ","","R","D","B ","F "," "," ","L","100","0","0","0","","","1429701","4975052",
"Waitaki District","1S/618/11.964","220","N"," ","HILLGROVE-MOERAKI ROAD","201500045","21/02/2015","Sat","1650","BE","4S1C","125A 404A 104B 197B 832 ","V","R","W","O ","L "," ","N","L","100","1","5","2","","","1429787","4974786",
"Waitaki District","1S/618/12.184",""," ","I","HILLGROVE-MOERAKI ROAD","201511187","08/03/2015","Sun","1445","LB","VS14","303B 361B 404B ","X","R","D","B ","F ","T","G","C","100","0","0","2","","","1429841","4974572",
"Waitaki District","8/169/14.904","750","S"," ","PROHIBITION ROAD","201510023","10/01/2015","Sat","1125","DB","CN1","131A 354A ","F","E","D","B ","F "," "," ","C","100","0","0","1","","","1360071","5070519",
"Waitaki District","8/185/1.194","100","W"," ","BROKEN HUT ROAD","201510756","17/02/2015","Tue","0650","CC","VW1","129A 134A ","F","R","D","B ","F "," "," ","C","100","0","0","1","","","1357583","5069282",
"Waitaki District","83/96/12.811","2000","W"," ","PROHIBITION ROAD","201531720","16/01/2015","Fri","1530","CA","4W1","410A ","","R","D","B ","F "," "," ","C","100","0","0","0","","","1359790","5069139",
"Waitomo District","HANGATIKI EAST ROAD","2300","S"," ","MANGARINO ROAD","201530716","03/01/2015","Sat","0630","DA","CN1","131A 402A ","C","S","W","O ","F "," ","N","N","100","0","0","0","","","1789947","5761099",
"Waitomo District","OPARURE ROAD",""," ","I","FULLERTON ROAD","201510558","23/01/2015","Fri","0745","GD","CW1C4","191A 181B 191B ","","R","D","B ","F ","T","S","C","100","0","0","2","","","1785608","5757292",
"Waitomo District","TE ANGA ROAD","2700","E"," ","SPEEDIES ROAD","201510022","06/01/2015","Tue","1037","BB","CW1V","123A 205A ","","S","D","B ","F "," "," ","C","100","0","1","2","","","1762860","5763871",
"Waitomo District","Z CPK CLYDE COURT","100","N"," ","QUEEN ST","201510308","26/01/2015","Mon","1515","PO","CN1E","370A ","","R","D","B ","F "," "," ","N","030","0","0","1","79","","1789202","5754673",
"Waitomo District","3/63/1.838","200","N"," ","WAITOMO CAVES ROAD","201510562","10/01/2015","Sat","1223","CA","MS1","130A ","","R","D","B ","F "," "," ","C","070","0","0","1","","","1790840","5764035",
"Waitomo District","3/65/4.015","490","S"," ","LEE BLOCK ROAD","201510177","01/02/2015","Sun","1825","DB","CN1","111A 131A ","F","E","W","O ","F "," ","N","C","100","0","0","1","","","1788619","5760886",
"Waitomo District","3/65/11.023",""," ","I","KING ST","201530706","30/01/2015","Fri","1422","MA","VS1C","330B 373B ","","E","D","B ","F ","X","G","C","050","0","0","0","","","1789103","5754854",
"Waitomo District","3/76/11.063","600","N"," ","PAEKAKA ROAD","201532211","24/01/2015","Sat","1355","DA","MN1V","137A 191A 197A 403B 442B 443B 831 ","","S","D","B ","F "," "," ","C","100","0","0","0","","","1784538","5746466",
"Waitomo District","3/76/11.163","500","N"," ","PAEKAKA ROAD","201510559","24/01/2015","Sat","1300","DA","CS1","131A ","C","M","D","B ","F "," "," ","C","100","0","0","1","","","1784458","5746407",
"Waitomo District","3/103/8.939","3800","S"," ","WALL ROAD","201531347","24/01/2015","Sat","2015","CA","CS1","130A 358A ","G","R","D","B ","F "," ","T","N","100","0","0","0","","","1765936","5733990",
"Waitomo District","3/133/0.048","90","E"," ","AWAKINO TUNNEL","201530292","30/01/2015","Fri","1834","DB","VE1","111A 131A 901 ","E","M","W","O ","H "," "," ","C","100","0","0","0","","","1751498","5723705",
"Waitomo District","3/133/4.122","3700","N"," ","AWAKAU ROAD","201510349","28/01/2015","Wed","0156","DA","TS1","111A 131A ","S","S","D","DN","F "," "," ","C","100","0","1","1","","","1750632","5721016",
"Waitomo District","3/140/6.71","50","N"," ","MANGANUI ROAD","201510227","05/01/2015","Mon","1803","BF","CS1C","129A ","","E","D","BN","F "," ","N","P","100","0","4","2","","","1743294","5719134",
"Waitomo District","4/0/6.361","600","W"," ","PUKERIMU ROAD","201531349","17/01/2015","Sat","1553","DB","CW1","131A 363A 902 ","V","M","D","B ","F "," "," ","C","100","0","0","0","","","1788183","5742368",
"Waitomo District","4/15/1.09","1090","S"," ","KOPAKI ROAD","201511108","17/02/2015","Tue","1217","DA","CS1","129A 135A 404A 804 ","C","M","D","B ","F "," "," ","C","100","0","0","1","","","1792595","5734790",
"Waitomo District","4/15/1.22","1220","S"," ","KOPAKI ROAD","201531889","05/02/2015","Thu","0750","DB","CS1","111A 131A 138A 817 ","FG","M","D","O ","F "," "," ","N","100","0","0","0","","","1792524","5734688",
"Waitomo District","4/15/1.45","1450","S"," ","KOPAKI ROAD","201531144","05/02/2015","Thu","1945","DA","CS1","111A 116A 339A 816 ","FP","M","D","B ","F "," ","N","C","080","0","0","0","","","1792419","5734490",
"Waitomo District","4/15/3","3000","S"," ","KOPAKI ROAD","201532200","09/02/2015","Mon","0810","DA","CS1","111A 131A 804 817 ","F","M","D","O ","F "," "," ","N","100","0","0","0","","","1790982","5734267",
"Wanganui District","BELL ST",""," ","I","LONDON ST","201531245","01/01/2015","Thu","0255","DC","CW1","103A 112A ","X","R","D","DO","F ","T","G","C","050","0","0","0","","","1774344","5578946",
"Wanganui District","DUBLIN ST",""," ","I","SOMME PARADE","201510101","09/01/2015","Fri","1425","HA","4S1C","302A 375A ","","E","D","B ","F ","R","G","C","050","0","0","1","","","1775234","5579000",
"Wanganui District","FITZHERBERT AVENUE","40","E"," ","BURNS ST","201532261","31/01/2015","Sat","2348","MD","CE14","308B 371B 929 ","","R","W","DO","L ","D","N","C","050","0","0","0","","","1773088","5577766",
"Wanganui District","MOSSTON ROAD",""," ","I","PURIRI ST","201510506","13/01/2015","Tue","1340","HA","CE2C","302A 404A ","FF","R","D","B ","F ","X","G","N","050","0","0","4","","","1770716","5576896",
"Wanganui District","NO 3 LINE","1000","W"," ","KAIMATIRA ROAD","201532057","10/02/2015","Tue","1505","QG","OE1C","665A ","","R","D","B ","F "," "," ","C","100","0","0","0","","","1778635","5579384",
"Wanganui District","PARSONS ST","100","S"," ","FITZHERBERT AVENUE","201531120","21/02/2015","Sat","1615","MO","CN1C","371A ","M","R","D","B ","F "," ","N","C","050","0","0","0","","","1772786","5577744",
"Wanganui District","VICTORIA AVENUE",""," ","I","DUBLIN ST","201511136","08/01/2015","Thu","1030","FE","CN1CC","181A 331A 350A ","","R","D","B ","F ","X","T","C","050","0","0","1","","","1774630","5578246",
"Wanganui District","VICTORIA AVENUE","50","S"," ","GUYTON ST","201531898","19/02/2015","Thu","1355","MO","CS1C","330B 371B ","","R","D","B ","F "," "," ","C","050","0","0","0","","","1775186","5577798",
"Wanganui District","VICTORIA AVENUE","15","E"," ","TAUPO QUAY","201532058","10/02/2015","Tue","1815","AA","CE1V","372A ","","R","D","O ","F "," "," ","C","050","0","0","0","","","1775632","5577438",
"Wanganui District","WATT ST",""," ","I","CAMERON TERRACE","201531250","05/01/2015","Mon","1450","MO","CE1C","371A ","M","M","D","B ","F ","T","N","R","050","0","0","0","","","1775302","5577860",
"Wanganui District","3/384/14.6",""," ","I","GLASGOW ST","201532259","12/02/2015","Thu","1330","LB","CS1C","303B ","","R","D","B ","F ","T","G","C","050","0","0","0","","","1773880","5578379",
"Wanganui District","3/384/14.994","150","S"," ","GREY ST","201532260","06/02/2015","Fri","1910","GB","CS1V","331A 358A 922 ","","R","D","O ","F ","D","N","P","050","0","0","0","","","1773633","5578072",
"Wanganui District","3/384/16.144",""," ","I","SMITHFIELD ROAD","201531246","13/01/2015","Tue","1440","GD","CN1C","331A ","","R","D","B ","F ","X","S","C","050","0","0","0","","","1773768","5577232",
"Wanganui District","4/223/7.373",""," ","I","KAIMATIRA ROAD","201532093","18/02/2015","Wed","0930","GB","CW1C","111A 157A 129B 175B ","","E","D","O ","F ","T","G","C","100","0","0","0","","","1778683","5581551",
"Wellington City","ADELAIDE ROAD","70","S"," ","SH 1N","201530046","17/01/2015","Sat","1007","LB","CN1C","303B 375B 924 ","","R","D","O ","F ","D","N","P","050","0","0","0","","","1748988","5426216",
"Wellington City","AOTEA QUAY","100","S"," ","SH 1N","201531775","21/01/2015","Wed","1630","JA","CN1C","302B 302 927 ","","R","D","B ","F ","D","G","C","070","0","0","0","","","1749559","5430088",
"Wellington City","AOTEA QUAY","500","S"," ","SH 1N","201510847","22/02/2015","Sun","0605","MC","MS14","372B ","","R","D","DO","F "," "," ","L","070","0","1","0","","","1749631","5429714",
"Wellington City","ASHTON FITCHETT DRIVE","90","N"," ","WATERHOUSE DRIVE","201530064","14/01/2015","Wed","1610","CB","CN1","130A 500A ","P","R","D","B ","F "," ","N","N","050","0","0","0","","","1746804","5425906",
"Wellington City","BASSETT ROAD",""," ","I","IRONSIDE ROAD","201530077","25/01/2015","Sun","1038","JC","CS1C","302B 375B ","","M","D","B ","F ","T","G","C","050","0","0","0","","","1751500","5435219",
"Wellington City","BEAUCHAMP ST","20","S"," ","LINDEN AVENUE","201531180","22/02/2015","Sun","1500","CC","CN1","112A 357A ","FT","R","D","B ","F ","X","G","N","050","0","0","0","","","1753678","5442156",
"Wellington City","BOULCOTT SLIP",""," ","I","THE TERRACE","201532023","04/02/2015","Wed","1300","AC","PS1C","372A ","","E","D","B ","F ","T","N","C","050","0","0","0","","","1748544","5428065",
"Wellington City","BOULCOTT ST",""," ","I","WILLIS ST","201532036","09/02/2015","Mon","0803","GF","TS1C","172A ","","S","D","B ","F ","X","T","C","050","0","0","0","","","1748603","5427623",
"Wellington City","BOWEN ST",""," ","I","LAMBTON QUAY","201531910","23/01/2015","Fri","1240","HA","CW1C","322A ","","E"," "," F","  ","X","T","N","050","0","0","0","","","1748819","5428688",
"Wellington City","BRITOMART ST",""," ","I","STANLEY ST","201532021","01/02/2015","Sun","1420","LB","CE1C","303B ","","R","D","O ","F ","X","G","C","050","0","0","0","","","1748362","5424136",
"Wellington City","BUNNY ST","25","S"," ","ACCESS ROAD N","201510401","16/02/2015","Mon","1610","NA","CS1E","713B ","","R","D","B ","F ","T","N","R","050","0","0","1","","","1749047","5428647",
"Wellington City","CABLE ST",""," ","I","BARNETT ST","201530058","01/01/2015","Thu","1429","GB","CE1C","172B 330B ","","R","D","B ","F ","T","N","N","050","0","0","0","","","1749268","5427348",
"Wellington City","CABLE ST","15","E"," ","CHAFFERS ST","201532035","07/02/2015","Sat","0750","CA","CE1C","103A 130A ","M","R","D","B ","F "," "," ","C","050","0","0","0","","","1749367","5427301",
"Wellington City","CECIL ROAD","40","W"," ","RANGIMARIE WAY","201530056","04/01/2015","Sun","1139","BB","CE1C","123A 197A ","","M","D","B ","F "," ","N","C","050","0","0","0","","","1748123","5430311",
"Wellington City","CHAYTOR ST","100","E"," ","KARORI ROAD","201531768","01/02/2015","Sun","1855","DA","CE1","131A 801 ","F","M","W","O ","L "," "," ","C","050","0","0","0","","","1746722","5428517",
"Wellington City","CHILDERS TERRACE","15","S"," ","CRAWFORD ROAD","201510524","25/01/2015","Sun","1426","NB","CS1E","713B ","","E","D","B ","F "," "," ","X","050","0","0","1","12","","1750109","5424417",
"Wellington City","CORTINA AVENUE","30","N"," ","BRODERICK ROAD","201531122","21/01/2015","Wed","1800","EA","CS1C","386A ","M","R","D","B ","F "," ","N","C","050","0","0","0","","","1750752","5434839",
"Wellington City","COUTTS ST","10","W"," ","TE WHITI ST","201531836","03/02/2015","Tue","1936","EA","CE1CCC","130A 359A ","M","R","D","B ","F ","T","G","C","050","0","0","0","","","1750642","5424047",
"Wellington City","CRAWFORD ROAD","5","S"," ","WELLINGTON ROAD","201532014","07/02/2015","Sat","2100","FB","CN1C","331A ","","R","D","DO","F ","R","G","C","050","0","0","0","","","","",
"Wellington City","DIXON ST","50","E"," ","WILLIS ST","201531908","06/01/2015","Tue","1400","EA","CW14","129A ","M","R","D","BF","F "," ","N","C","050","0","0","0","","","1748566","5427419",
"Wellington City","DIXON ST","5","N"," ","WILLIS ST","201530449","28/01/2015","Wed","1500","EA","CN1V","386A ","M","R","D","B ","F ","X","G","C","050","0","0","0","","","1748515","5427441",
"Wellington City","ELLICE ST",""," ","I","HANIA ST","201510412","22/01/2015","Thu","0830","KC","SW1M","302A 315A ","","R","D","B ","F ","X","G","R","050","0","1","0","","25","1749170","5426423",
"Wellington City","ERLESTOKE CRESCENT","50","S"," ","WAVERTON TERRACE","201530059","05/01/2015","Mon","0743","QD","CN1CC","330A 611A ","","R","D","B ","F "," ","N","N","050","0","0","0","","","1750832","5437239",
"Wellington City","FURLONG CRESCENT","40","S"," ","HUXLEY GROVE","201531757","29/01/2015","Thu","1330","CA","CS1C","130A 354A ","M","R","D","B ","F "," "," ","C","050","0","0","0","","","1751019","5436232",
"Wellington City","GARRETT ST","50","W"," ","CUBA ST","201531838","07/02/2015","Sat","0629","MO","CW1C","512A 514A ","","R","D","DO","F "," "," ","N","050","0","0","0","","","1748608","5427127",
"Wellington City","GRAFTON ROAD","120","S"," ","PALLISER ROAD","201530768","30/01/2015","Fri","1850","BC","CS1C","121A 111B 137B ","C","E","D","B ","F "," ","N","C","050","0","0","0","","","1750778","5427031",
"Wellington City","HANSON ST","100","N"," ","HALL ST","201539770","11/02/2015","Wed","0700","EA","CN14","129A 386A ","M","R","D","DO","F "," ","N","C","050","0","0","0","","","1748672","5425367",
"Wellington City","HANSON ST","100","N"," ","HALL ST","201530770","11/02/2015","Wed","0700","EA","CN14","129A 386A ","M","R","D","B ","F "," ","N","C","050","0","0","0","","","1748672","5425367",
"Wellington City","HARRIETT ST",""," ","I","TINAKORI ON NBD","201530061","05/01/2015","Mon","1221","CA","ME1","330A 341A ","","R","D","B ","F ","T","N","N","050","0","0","0","","","1748452","5429090",
"Wellington City","HAWKESTONE ST","20","E"," ","PORTLAND CRESCENT","201530039","12/01/2015","Mon","0711","EE","CW1C","330B 374B ","M","R","D","B ","F "," ","N","N","050","0","0","0","","","1748815","5429196",
"Wellington City","HUTT ROAD","200","S"," ","JARDEN MILE","201510125","20/01/2015","Tue","0652","FA","CN14","331A 352A ","","R","D","B ","F "," ","N","P","080","0","0","2","","","1751780","5432067",
"Wellington City","HUTT ROAD","10","S"," ","KAIWHARAWHARA ROAD","201510407","12/01/2015","Mon","1742","JO","SS1C","204A 308B 375B 927 ","","R","D","B ","F ","D","N","C","050","0","1","0","","24","1749923","5430807",
"Wellington City","HUTT ROAD","200","N"," ","NGAURANGA ON NBD OBR","201510528","22/01/2015","Thu","1800","FD","CS1CC","181A 331A 358A 181B ","","R","D","B ","F "," "," ","C","100","0","0","1","","","","",
"Wellington City","HUTT ROAD","350","N"," ","SAR ST","201510709","10/02/2015","Tue","1719","LB","SN1V","314B 377B 927 ","","R","D","B ","F ","D"," ","P","050","0","0","1","","35","1749497","5430368",
"Wellington City","HUTT ROAD","20","N"," ","SCHOOL ROAD","201510136","30/01/2015","Fri","1745","FE","SN1C","181A 191B ","","R","D","B ","F ","T","T","C","050","0","0","1","","51","1749907","5430789",
"Wellington City","JOHN ST",""," ","I","ADELAIDE ROAD","201532032","15/01/2015","Thu","2001","GF","CE1X","129A ","","R","D","B ","F ","X","T","C","050","0","0","0","","","1748832","5425608",
"Wellington City","KARORI ROAD","200","N"," ","ALLINGTON ROAD","201531763","30/01/2015","Fri","2325","EA","CS1C","129A ","M","E","D","DO","F "," "," ","C","050","0","0","0","","","1744404","5427897",
"Wellington City","KARORI ROAD",""," ","I","DONALD ST","201530769","31/01/2015","Sat","1753","FE","CW1C","181A 330A ","","E","D","B ","F ","T","T","C","050","0","0","0","","","1745859","5428309",
"Wellington City","KENT TERRACE",""," ","I","MAJORIBANKS ST","201510232","01/01/2015","Thu","1040","ND","CE2E","711B 718B ","","M","D","BF","F ","T","T","C","050","0","0","1","74","","","",
"Wellington City","MAIDA VALE ROAD","500","N"," ","EVANS BAY PARADE","201510529","03/02/2015","Tue","1028","BB","CS1C","205A ","","M","D","B ","F "," "," ","C","050","0","0","1","","","1750938","5427550",
"Wellington City","MAIN ROAD",""," ","I","LINDEN AVENUE","201531766","30/01/2015","Fri","0910","BF","CW2C","501A ","IS","M","D","B ","F ","R","G","R","050","0","0","0","","","","",
"Wellington City","MAIN ROAD","210","N"," ","REDWOOD AVENUE S","201532038","08/02/2015","Sun","1341","DA","CN1","131A 358A ","C","M","D","B ","F "," "," ","P","050","0","0","0","","","1753005","5439571",
"Wellington City","MARK AVENUE","100","W"," ","GUADELOUPE CRESCENT E","201530043","22/01/2015","Thu","0726","EA","CW1C","129A 350A ","M","R","D","B ","F "," ","N","C","050","0","0","0","","","1752772","5436682",
"Wellington City","MCLELLAN ST",""," ","I","DUNCAN ST","201530050","19/01/2015","Mon","1206","HA","TN2C","302A 375A ","","R","D","B ","F ","R","G","R","050","0","0","0","","","1753645","5441567",
"Wellington City","MIDDLETON ROAD","100","N"," ","ROWELLS ROAD","201510527","29/01/2015","Thu","0620","DB","SS1C","198A 515B ","EFY","E","D","B ","F "," "," ","C","050","0","0","1","","39","1752501","5437181",
"Wellington City","MOLESWORTH ST","50","N"," ","MAY ST","201531834","29/01/2015","Thu","1445","MO","CN1","133A 420A ","X","R","D","B ","F "," "," ","C","050","0","0","0","","","1748911","5429392",
"Wellington City","NORTHLAND ROAD",""," ","I","GARDEN ROAD W","201530053","22/01/2015","Thu","1828","MG","CE1C","371B ","","R","D","B ","F ","T","G","C","050","0","0","0","","","1747185","5428305",
"Wellington City","OHARIU VALLEY ROAD",""," ","I","MCLINTOCK ST NORTH","201531767","31/01/2015","Sat","1035","HA","CW1C","316B ","","M","D","O ","F ","T","G","C","050","0","0","0","","","1750521","5435812",
"Wellington City","ONEPU ROAD",""," ","I","WHA ST","201530045","24/01/2015","Sat","1805","JA","CN1CC","302B 375B ","M","R","D","B ","F ","T","G","C","050","0","0","0","","","1750249","5423522",
"Wellington City","ORIENTAL PARADE","270","E"," ","HERD ST","201530944","14/02/2015","Sat","1145","MO","CW1S","204B 330B 927 ","","R","D","O ","F ","D","N","C","050","0","0","0","","","1749850","5427366",
"Wellington City","ORIENTAL PARADE","20","W"," ","ORIENTAL TERRACE","201532022","11/02/2015","Wed","1745","MF","SE1C","158A 353A ","","E","D","B ","F "," "," ","C","040","0","0","0","","","","",
"Wellington City","PHILLIP ST","20","S"," ","FRANKMOORE AVENUE","201530063","13/01/2015","Tue","1225","MG","CN1C","371B 381B ","","R","D","B ","F "," ","N","N","050","0","0","0","","","1751038","5435051",
"Wellington City","PHILLIP ST",""," ","I","FRANKMOORE AVENUE","201531121","25/02/2015","Wed","1530","LB","CN1V","302A 375A ","","R","D","B ","F ","T","G","C","050","0","0","0","","","1751042","5435070",
"Wellington City","PIRIE ST","50","E"," ","AUSTIN ST","201530777","16/02/2015","Mon","1615","EC","VE1C","374B ","Q","R","D","O ","F "," ","N","C","050","0","0","0","","","1749663","5426525",
"Wellington City","RIDDIFORD ST","15","S"," ","RINTOUL ST","201532016","09/02/2015","Mon","0845","AC","CN1T","372A ","","R","D","B ","F "," "," ","C","050","0","0","0","","","1748931","5425108",
"Wellington City","ROMNEY SQUARE","100","W"," ","ROY ST","201530054","16/01/2015","Fri","1144","AO","CW1T","150A 381A ","","M","D","B ","F "," ","N","N","050","0","0","0","","","1752795","5440721",
"Wellington City","RUSKIN ROAD","100","N"," ","ALWYN PLACE","201531636","31/01/2015","Sat","1000","MO","CN1V","371A 929 ","M","E","D","O ","F ","D"," ","C","050","0","0","0","","","1752296","5434596",
"Wellington City","SALEK ST",""," ","I","COUTTS ST","201531761","03/02/2015","Tue","1112","FB","VS1C","181A ","","R","D","B ","F ","T","G","P","050","0","0","0","","","1750737","5424021",
"Wellington City","SH 1N",""," ","I","BUCKLE ST","201532037","09/02/2015","Mon","1217","AC","CN1T","313A 372A 691B ","","M","D","B ","F ","T","N","C","050","0","0","0","","","","",
"Wellington City","SH 1N","1500","S"," ","PARAMATA ON SBD","201510535","24/01/2015","Sat","0945","EA","SN1V","129A 331A ","Q","E","D","B ","F "," "," ","C","100","0","0","1","","62","","",
"Wellington City","SHELLY BAY ROAD","1000","N"," ","MIRAMAR AVENUE","201530099","27/01/2015","Tue","1230","DB","CS1","131A 386A ","S","E","D","B ","F "," ","N","C","080","0","0","0","","","1751915","5425681",
"Wellington City","STAFFORD ST","50","E"," ","PORT ST","201530447","27/01/2015","Tue","","EA","CW1C","386A ","M","R","D","B ","F "," ","N","N","050","0","0","0","","","1749853","5426933",
"Wellington City","SUTHERLAND ROAD","60","N"," ","HORNSEY ROAD","201510402","21/01/2015","Wed","1720","BB","CN1C","101A 111A 123A ","CTC","M","D","B ","F "," ","N","N","050","0","0","1","","","1749732","5423776",
"Wellington City","TAKAPU ROAD",""," ","I","WILLIAM EARP PLACE","201531770","04/02/2015","Wed","2017","DC","CW1","131A ","IT","E","D","TO","FS","R","G","R","050","0","0","0","","","1753461","5439046",
"Wellington City","TARANAKI ST","20","S"," ","ABEL SMITH ST","201510126","08/01/2015","Thu","1313","JA","CS1C","308B 375B 922 ","","R","D","B ","F ","D","N","P","050","0","0","1","","","1748713","5426736",
"Wellington City","TAUHINU ROAD",""," ","I","MIRAMAR AVENUE","201530055","10/01/2015","Sat","1840","FB","CW1C","111A 181A 191B ","","E","D","B ","F ","R","G","C","050","0","0","0","","","1751783","5424677",
"Wellington City","TINAKORI ROAD","25","N"," ","ASCOT ST","201530748","13/02/2015","Fri","1705","KB","CN1C","308B 375B 927 ","","R","D","B ","F ","D","N","C","030","0","0","0","","","1748236","5428855",
"Wellington City","TINAKORI ROAD","30","N"," ","HILL ST","201530060","05/01/2015","Mon","1110","EA","CN1C","129A 504A ","M","R","D","B ","F "," ","N","C","050","0","0","0","","","1748389","5429022",
"Wellington City","TINAKORI ROAD",""," ","I","ST MARY ST","201530038","12/01/2015","Mon","0740","LB","4N1C","303B 375B ","","R","D","B ","F ","T","N","C","050","0","0","0","","","1748142","5428750",
"Wellington City","TORY ST","10","S"," ","COURTENAY PLACE","201530075","25/01/2015","Sun","1215","MO","VN1C","371A 927 ","","E","D","B ","F ","D","N","N","050","0","0","0","","","1749132","5427129",
"Wellington City","WAKEFIELD ST",""," ","I","BLAIR ST","201510707","04/02/2015","Wed","1735","NA","SW1E","717B 718B ","","R","D","B ","F ","T","T","X","050","0","0","2","","39","1749336","5427217",
"Wellington City","WALLACE ST","40","S"," ","ROLLESTON ST","201530750","06/02/2015","Fri","1857","FA","CS1C","103A 351A ","","E","D","B ","F "," ","N","R","050","0","0","0","","","1748569","5426100",
"Wellington City","WALTER ST","140","S"," ","SH 1N","201531909","18/01/2015","Sun","0800","MO","CS1C","129A 385A ","M","R"," "," F","  "," ","N","N","050","0","0","0","","","","",
"Wellington City","WATERLOO QUAY","80","N"," ","HINEMOA ST W","201530745","13/02/2015","Fri","1523","AC","TN1C","372A 671A ","","R","D","O ","F "," ","N","C","080","0","0","0","","","1749459","5429057",
"Wellington City","WHITMORE ST",""," ","I","FEATHERSTON ST","201510100","13/01/2015","Tue","1302","NC","4W1E","307A 376A ","","R","D","O ","F ","X","T","R","050","0","0","1","67","","1748924","5428522",
"Wellington City","WILLESTON ST",""," ","I","VICTORIA ST","201530062","15/01/2015","Thu","0841","MG","CW1V","330B 371B ","","R","D","O ","F ","T","T","C","050","0","0","0","","","1748808","5427890",
"Wellington City","1N/1050/9.761","200","N"," ","TAKAPU RD UPASS NBD","201510534","02/02/2015","Mon","1700","DB","MN1","132A ","G","E","W","O ","F "," "," ","C","100","0","0","1","","","1753593","5439213",
"Wellington City","1N/1068/3.034","200","S"," ","AOTEA QUAY","201530014","17/01/2015","Sat","1330","QG","CN1C","682A ","","R","D","O ","L "," ","N","C","100","0","0","0","","","1749461","5430131",
"Wellington City","1N/1068/3.323","300","N"," ","MURPHY OFF SBD","201530778","12/02/2015","Thu","1146","QD","TS1C","682A ","","R","D","B ","F "," ","N","C","100","0","0","0","","","1749285","5429903",
"Wellington City","1N/1068/3.613","10","N"," ","MURPHY OFF SBD","201510409","21/01/2015","Wed","0813","FD","CS1C","181A 330A ","","R","D","B ","F ","T","N","C","080","0","0","1","","","1749099","5429683",
"Wellington City","1N/1068/3.676","30","S"," ","HOBSON ST OBR NBD","201530238","12/02/2015","Thu","1540","AC","4N1C","330A 372A ","","E","D","O ","F "," "," ","C","100","0","0","0","","","1749040","5429655",
"Wellington City","1N/1068/4.374","100","S"," ","HAWKESTONE OBR","201531754","30/01/2015","Fri","1721","FD","CS1C","181A ","","R","D","B ","F "," "," ","N","100","0","0","0","","","1748574","5429136",
"Wellington City","1N/1068/4.667","50","N"," ","TERRACE OFF SBD","201510408","05/02/2015","Thu","1520","FD","CS1CC","112A 331A ","","R","D","B ","F "," ","N","C","080","0","0","1","","","1748523","5428852",