"TLA NAME","CRASH ROAD","CRASH DIST","CRASH DIRN","INTSN","SIDE ROAD","CRASH ID","CRASH DATE","CRASH DOW","CRASH TIME","MVMT","VEHICLES","CAUSES","OBJECTS STRUCK","ROAD CURVE","ROAD WET","LIGHT","WTHRa","JUNC TYPE","TRAF CTRL","ROAD MARK","SPD LIM","CRASH FATAL CNT","CRASH SEV CNT","CRASH MIN CNT","PERS AGE1","PERS AGE2","EASTING","NORTHING"
"Wellington City","1N/1068/5.656","50","N"," ","NORTH PORTAL SBD","201510711","08/02/2015","Sun","1006","FD","CS1CCV","112A 331A ","","R","D","B ","F "," "," ","R","060","0","0","1","","","1748383","5427898",
"Wellington City","1N/1075/0.3",""," ","I","WILLIS ST","201530749","07/02/2015","Sat","1814","FE","CS1C","181A 350A ","","E","D","B ","F ","X","T","R","050","0","0","0","","","1748371","5427107",
"Wellington City","1N/1075/0.31","10","E"," ","WILLIS ST","201531911","04/01/2015","Sun","1950","FE","CE14","103A 331A ","","M","D","BF","F ","X","T","R","050","0","0","0","","","1748380","5427102",
"Wellington City","1N/1075/0.454",""," ","I","WILLIS ST","201510124","10/01/2015","Sat","0725","HA","CW1C","322B 334B ","","R","D","B ","F ","X","T","C","050","0","0","2","","","1748300","5426947",
"Wellington City","1N/1076/2.059","15","W"," ","HAMILTON ROAD","201532015","11/02/2015","Wed","0540","AC","4E1C","372A ","","R","D","TO","F "," "," ","C","050","0","0","0","","","1750108","5425050",
"Wellington City","1N/1076/2.258",""," ","I","EVANS BAY PARADE","201531819","15/02/2015","Sun","1920","FE","CE14","331A 350A ","","R","D","O ","F ","X","T","C","050","0","0","0","","","1750302","5425012",
"Wellington City","2/962/15.167","1800","N"," ","SH 1N","201530746","12/02/2015","Thu","1645","FD","VS1CCC","110A 181A ","","R","D","B ","F "," ","N","R","100","0","0","0","","","1753190","5433123",
"Western Bay Of Plenty District","KEENAN ROAD","750","W"," ","SH 36","201510726","07/02/2015","Sat","1210","DA","CW1","137A ","C","M","D","B ","F "," "," ","C","100","0","0","1","","","1873951","5814604",
"Western Bay Of Plenty District","LUND ROAD","400","S"," ","CHARD ROAD","201510012","05/01/2015","Mon","1649","BF","CE1V","131A 359A ","","E","D","B ","F "," "," ","C","100","0","0","2","","","1855609","5834744",
"Western Bay Of Plenty District","MINDEN ROAD","310","N"," ","DAWN VIEW PLACE","201530260","19/01/2015","Mon","0950","DB","CS1","111A 131A 902 ","EX","M","D","B ","F "," "," ","C","100","0","0","0","","","1869901","5822489",
"Western Bay Of Plenty District","OHAUITI ROAD","3170","N"," ","MCPHAIL ROAD","201532424","08/01/2015","Thu","0700","DB","CN1","111A 131A ","C","S","D","B ","F "," "," ","C","100","0","0","0","","","1880234","5810735",
"Western Bay Of Plenty District","OMANAWA ROAD","200","S"," ","SH 29","201531886","22/01/2015","Thu","1415","DA","CN1","111A 131A 402A ","C","S","D","B ","F "," "," ","C","100","0","0","0","","","1870180","5815860",
"Western Bay Of Plenty District","OMOKOROA ROAD","90","W"," ","PROLE ROAD","201531823","07/02/2015","Sat","2220","CB","CE1","130A 363A 601A ","S","R","D","DN","F "," "," ","C","100","0","0","0","","","1866433","5827469",
"Western Bay Of Plenty District","OROPI ROAD","350","N"," ","CASTLES ROAD","201500025","01/02/2015","Sun","1945","DB","CN1","111A 134A ","FP","M","W","O ","L "," ","N","C","100","1","0","0","","","1876607","5812829",
"Western Bay Of Plenty District","PLUMMERS POINT ROAD","80","S"," ","BRUNTWOOD DRIVE","201500054","04/03/2015","Wed","1722","BF","CS1T","111A 131A ","","M","D","O ","F "," ","N","C","080","1","1","2","","","1867755","5826583",
"Western Bay Of Plenty District","RUAHIHI ROAD",""," ","I","GUNGA LANE","201510367","06/02/2015","Fri","0001","DB","MS1","103A 111A 131A ","F","E","D","DN","F ","T","N","C","100","0","1","0","","","1869074","5813390",
"Western Bay Of Plenty District","TE PUNA STATION ROAD","1000","N"," ","SH 2","201510521","11/01/2015","Sun","1250","DA","CS1","103A 111A 131A ","V","M","D","DN","F "," "," ","C","100","0","0","2","","","1872540","5823939",
"Western Bay Of Plenty District","WAIPAPA BLOCK ROAD",""," ","I","OLD HIGHWAY","201510467","03/03/2015","Tue","1730","CA","MN1","403A 420A ","","R","D","B ","F ","T","N","C","100","0","0","1","","","1864689","5827305",
"Western Bay Of Plenty District","2/100/2.04","380","S"," ","MATHERS ROAD","201510725","31/01/2015","Sat","0700","DA","4N1","131A 191A 402A 801 ","TV","E","W","O ","L "," "," ","L","100","0","0","2","","","1855976","5850649",
"Western Bay Of Plenty District","2/100/14.342","380","S"," ","WOODLAND ROAD","201530057","21/01/2015","Wed","0650","AO","TS1O","150A 381A ","","R","D","B ","F "," ","N","C","100","0","0","0","","","1857513","5842475",
"Western Bay Of Plenty District","2/116/9.316","300","W"," ","WESTBANK DRIVE","201511173","03/03/2015","Tue","0806","FD","TE1T","110A 331A 191B 801 ","","R","W","O ","L "," "," ","L","100","0","0","2","","","1858520","5834190",
"Western Bay Of Plenty District","2/130/4.559","650","N"," ","PAHOIA ROAD","201500014","22/01/2015","Thu","1932","BC","TN1T4","121A 197A 197B ","","E","D","B ","F "," ","N","L","100","1","1","2","","","1864187","5828976",
"Western Bay Of Plenty District","2/130/6.105","700","N"," ","FRANCIS ROAD","201500049","26/02/2015","Thu","1734","BE","CN1TT","104A 137A 198A 330C 682C ","V","R","D","O ","F "," ","N","L","100","1","0","1","","","1865026","5827781",
"Western Bay Of Plenty District","2/130/7.312","40","S"," ","OMOKOROA ROAD","201531366","02/01/2015","Fri","1405","FD","CN1C","181A 331A ","","R","D","B ","F "," "," ","L","100","0","0","0","","","1865975","5827037",
"Western Bay Of Plenty District","2/130/13.555","50","E"," ","LOOP ROAD","201531365","07/02/2015","Sat","0700","DA","4W1","410A ","G","E","D","B ","F "," "," ","C","100","0","0","0","","","1870263","5823412",
"Western Bay Of Plenty District","2/130/14.614","370","E"," ","TE PUNA ROAD","201511171","25/02/2015","Wed","0827","MC","MS14","372B ","","R","D","B ","F "," "," ","C","100","0","1","0","","","1871244","5823382",
"Western Bay Of Plenty District","SH 33",""," ","I","2/180/9.206","201530378","21/01/2015","Wed","1843","AA","CS2C","372A 404A ","","E","D","B ","F ","R","G","C","050","0","0","0","","","1899586","5810353",
"Western Bay Of Plenty District","29/21/8.405",""," ","I","MCLAREN FALLS ROAD","201510449","01/03/2015","Sun","1510","JA","4S1C","104B 301B 375B ","G","R","D","B ","F ","T","S","P","100","0","2","3","","","1867664","5812005",
"Western Bay Of Plenty District","29/21/9.955","1550","S"," ","MCLAREN FALLS ROAD","201530255","06/01/2015","Tue","1620","CB","CS1","410A ","F","R","D","B ","F "," "," ","C","100","0","0","0","","","1866621","5810916",
"Western Bay Of Plenty District","29/21/11.547",""," ","I","NGAMUWAHINE ROAD","201510727","08/02/2015","Sun","0031","DA","CE1","101A 111A 131A 357A 407A ","G","M","D","DN","F ","T","G","L","100","0","0","2","","","1865302","5810107",
"Western Bay Of Plenty District","36/13/14.866","50","N"," ","TE MATAI ROAD","201531360","05/02/2015","Thu","1800","FA","4N1V","181A ","","M","D","B ","F "," "," ","C","100","0","0","0","","","1877766","5794354",
"Westland District","HAMPDEN ST",""," ","I","LIVINGSTONE ST","201532001","29/01/2015","Thu","0530","HA","CN1C","302B 375B 832 ","","R","D","DO","F ","X","G","C","050","0","0","0","","","1434538","5268140",
"Westland District","KUMARA-INCHBONNIE ROAD","420","W"," ","WILLIAM STUART BR","201510204","03/01/2015","Sat","1910","DB","ME1","104A 129A 131A ","","E","D","ON","F "," ","N","C","100","0","0","1","","","1452100","5278565",
"Westland District","WOODSTOCK RIMU ROAD","1000","S"," ","HOKITIKA RIV BR","201530207","05/01/2015","Mon","0045","CA","4N1","101A 130A ","FX","R","D","DN","F "," "," ","C","080","0","0","0","","","1436214","5264483",
"Westland District","6/445/14.656","1290","N"," ","FLOWERY CRK BR","201510530","25/01/2015","Sun","0335","CA","CN1","101A 410A ","F","R","D","DN","F "," "," ","C","100","0","0","1","","","1440401","5275805",
"Westland District","6/463/7.138",""," ","I","HAMPDEN ST","201532006","10/02/2015","Tue","1400","HA","CS1C","302B 375B 402B ","","R","D","B ","F ","X","G","C","050","0","0","0","","","1433621","5268766",
"Westland District","6/695/11.687","640","S"," ","HINAU CRK BR","201530281","24/01/2015","Sat","1200","CC","CS1","410A ","EX","R","D","B ","F "," "," ","C","100","0","0","0","","","1309124","5149463",
"Whakatane District","COMMERCE ST",""," ","I","DOMAIN ROAD","201510306","07/01/2015","Wed","1245","KA","SN14","614A 301B 375B ","","R","D","B ","F ","T","S","C","050","0","0","1","","41","1950824","5791263",
"Whakatane District","COMMERCE ST","20","N"," ","SHAPLEY PLACE","201532428","12/02/2015","Thu","1420","MA","4N1C","130A 350B 373B ","M","R","D","B ","F "," "," ","C","050","0","0","0","","","1951133","5791871",
"Whakatane District","EIVERS ROAD",""," ","I","PEACE ST","201510723","11/02/2015","Wed","1750","DA","MN1","132A ","K","M","D","B ","F ","T","S","R","050","0","1","0","","","1949845","5791817",
"Whakatane District","HINEMOA ST",""," ","I","LANDING ROAD","201531450","01/03/2015","Sun","1700","DA","CS1","130A 501A ","T","M","D","B ","F ","R","G","C","050","0","0","0","","","1949142","5791349",
"Whakatane District","KING ST","10","N"," ","GOULSTONE ROAD","201531449","01/03/2015","Sun","2034","EA","CS1C","103A 129A ","M","R","D","DO","F ","R","G","C","050","0","0","0","","","1949871","5790859",
"Whakatane District","KING ST","10","S"," ","GOULSTONE ROAD","201531368","13/01/2015","Tue","1523","NB","CN1","711B ","","R","D","O ","F ","R","G","R","050","0","0","0","","","1949869","5790824",
"Whakatane District","KING ST","15","S"," ","JAMES ST","201530288","17/01/2015","Sat","1710","EE","CS1C","374B ","M","R","D","B ","F "," "," ","C","050","0","0","0","","","1949875","5790958",
"Whakatane District","LANDING ROAD","50","W"," ","EIVERS ROAD","201510486","18/02/2015","Wed","0855","KB","ME1C","308B 375B 929 ","","R","D","B ","F ","D","N","P","050","0","0","1","","","1949761","5791314",
"Whakatane District","LOVELOCK ST","100","E"," ","KING ST","201510523","23/01/2015","Fri","1705","NA","VE1E","713B ","","R","D","B ","F "," "," ","C","050","0","0","1","10","","1949988","5791078",
"Whakatane District","REID ROAD","50","N"," ","AWAHOU ROAD N","201532431","22/02/2015","Sun","1130","DB","CN1","130A 800 801 ","EF","M","W","O ","L "," "," ","C","100","0","0","0","","","1951481","5778629",
"Whakatane District","REID ROAD","1620","N"," ","CROSS ROAD","201531699","02/02/2015","Mon","0945","FA","4N1C","181A 331A 191B 330B ","","R","D","B ","F "," "," ","C","100","0","0","0","","","1950836","5776926",
"Whakatane District","TANEATUA ROAD","3110","N"," ","SH 2","201510312","21/01/2015","Wed","2050","DA","MS1","101A 111A 131A 402A ","E","M","D","TN","F "," "," ","C","100","0","1","0","","","1950954","5783563",
"Whakatane District","TANEATUA ROAD","2990","S"," ","VALLEY ROAD","201530325","15/01/2015","Thu","2035","DB","CS1","103A 111A 131A 402A ","C","E","D","TN","F "," "," ","C","100","0","0","0","","","1950969","5785520",
"Whakatane District","TE TEKO ROAD","2800","S"," ","OTAKIRI ROAD","201532442","22/02/2015","Sun","0615","DB","CS1","131A 631A 901 ","H","M","W","O ","H "," "," ","C","100","0","0","0","","","1934439","5786794",
"Whakatane District","THE STRAND","30","W"," ","KAKAHOROA DRIVE","201510211","04/01/2015","Sun","1157","MF","ME1C","375B ","","R","D","BF","F "," ","N","C","050","0","0","1","","","1951323","5792143",
"Whakatane District","WAINUI ROAD","750","N"," ","BURMA ROAD","201510745","14/01/2015","Wed","1430","DB","CN1","111A 131A ","C","M","D","B ","F "," "," ","C","100","0","0","1","","","1956653","5787081",
"Whakatane District","2/209/1.961","2200","N"," ","HAUONE ROAD","201532429","20/02/2015","Fri","1145","AO","CN1C","153A 156A ","","R","D","B ","F "," "," ","C","100","0","0","0","","","1918830","5805727",
"Whakatane District","2/209/2.361","1800","W"," ","HAUONE ROAD","201510210","01/01/2015","Thu","1150","CB","4W1","129A 410A ","C","R","D","BN","F "," ","N","C","100","0","0","1","","","1919174","5805524",
"Whakatane District","2/209/9.911","900","E"," ","MIMIHA ROAD","201510314","02/01/2015","Fri","1510","AD","ME1B","137A 150A 197B 350B ","","R","D","B ","F "," "," ","C","100","0","0","1","","","1925873","5802090",
"Whakatane District","2/209/11.496","600","W"," ","HEREPURU ROAD","201530278","26/01/2015","Mon","2040","CB","CE1","410A ","G","R","D","DN","F "," "," ","C","100","0","0","0","","","1927301","5801401",
"Whakatane District","2/232/2.455","600","E"," ","GOW ROAD","201531448","01/03/2015","Sun","1230","GD","CW1V","150A 181A 929 ","","R","D","B ","F ","D","N","C","100","0","0","0","","","1934576","5791124",
"Whakatane District","2/243/8.956","400","N"," ","REWATU ROAD","201531685","05/02/2015","Thu","1540","DA","CN1","131A 402A 407A ","C","M","D","B ","F "," "," ","C","100","0","0","0","","","1948350","5782495",
"Whakatane District","2/258/2.087","330","E"," ","AMOKURA ROAD","201510522","08/01/2015","Thu","0152","DA","CE1","103A 131A ","V","E","D","DN","F "," "," ","C","100","0","1","0","","","1951960","5779498",
"Whakatane District","2/258/9.089","1000","W"," ","FRASER ROAD","201511113","17/02/2015","Tue","1145","DA","CW1","110A 131A 800 901 ","CX","M","W","O ","H "," "," ","C","100","0","0","1","","","1954554","5774665",
"Whakatane District","2/258/10.489","400","S"," ","FRASER ROAD","201530333","01/02/2015","Sun","1245","DA","CN1","111A 131A ","CT","M","W","O ","L "," "," ","C","100","0","0","0","","","1955755","5774180",
"Whakatane District","30/206/1.242","530","W"," ","HUIA CRESCENT","201531451","23/02/2015","Mon","1105","GB","CW1T","158A 402A 929 ","","R","D","O ","F ","D","N","C","100","0","0","0","","","1932430","5783283",
"Whakatane District","30/219/0.1","100","W"," ","SH 2 WHITE PINE","201510362","26/01/2015","Mon","1046","DA","MS1","131A 501A ","F","M","D","B ","F "," "," ","C","070","0","1","0","","","1942238","5787398",
"Whakatane District","THORNTON ROAD",""," ","I","30/219/6.715","201531462","27/02/2015","Fri","0805","FB","CS1C","181A ","","R","D","B ","F ","T","G","C","050","0","0","0","","","1945964","5792583",
"Whakatane District","30/219/8.278",""," ","I","MILL ROAD","201511114","19/02/2015","Thu","1510","JA","CW1T","302B 378B 834 ","","R","D","B ","F ","T","G","C","100","0","1","0","","","1947469","5792199",
"Whakatane District","30/219/9.742","20","W"," ","KEEPA ROAD","201532430","20/02/2015","Fri","0837","FD","CE1V","181A 331A ","","R","D","B ","F "," "," ","C","070","0","0","0","","","1948851","5791841",
"Whangarei District","BANK ST","50","S"," ","AUBREY ST","201531881","02/02/2015","Mon","1240","FD","CN1C","181A 331A 350A ","","R","D","B ","F "," "," ","C","050","0","0","0","","","1719574","6046550",
"Whangarei District","BANK ST",""," ","I","AUBREY ST","201532405","13/01/2015","Tue","1400","JC","CW2C","302A ","","R","D","B ","F ","T","G","C","050","0","0","0","","","1719589","6046598",
"Whangarei District","BANK ST",""," ","I","DENT ST","201510492","03/03/2015","Tue","1050","NA","CN1E","353A 370A ","","R","D","B ","F ","R","G","C","050","0","0","1","","","1719421","6046075",
"Whangarei District","BANK ST","80","N"," ","RUST AVENUE","201532439","25/02/2015","Wed","1030","FA","CN1V","181A 331A 191B ","","R","D","B ","F "," "," ","C","050","0","0","0","","","1719359","6045854",
"Whangarei District","BANK ST",""," ","I","WALTON ST","201531885","04/02/2015","Wed","1730","KA","VS1C","302B 330B ","","M","W","O ","L ","R","G","R","050","0","0","0","","","1719336","6045479",
"Whangarei District","CHURCH ST","80","S"," ","NGAIO ST","201532300","03/02/2015","Tue","1530","FA","CS1C","181A 331A ","","R","D","B ","F "," "," ","C","050","0","0","0","","","1723588","6041502",
"Whangarei District","COVE ROAD","1750","S"," ","BREAM TAIL ROAD","201531878","07/01/2015","Wed","2009","DB","CN1C","111A 123A 129A 131A 131B 197B ","ET","S","D","O ","F "," "," ","C","100","0","0","0","","","1741363","6008288",
"Whangarei District","COVE ROAD","500","S"," ","ST ANNE ROAD","201531879","21/01/2015","Wed","2220","DA","CS1","103A 111A 131A 402A ","G","M","D","DO","F "," "," ","C","050","0","0","0","","","1735915","6011616",
"Whangarei District","HELMSDALE ROAD","4200","W"," ","SHOEMAKER ROAD","201532402","18/01/2015","Sun","2010","EC","CW1","912 ","W","R","D","TN","F "," "," ","C","100","0","0","0","","","1723767","6019200",
"Whangarei District","KAIATEA ROAD","450","S"," ","OLD KAIATEA ROAD","201532069","02/02/2015","Mon","1920","DB","VS1","131A 801 ","EF","E","W","O ","L "," "," ","C","100","0","0","0","","","1730630","6057577",
"Whangarei District","KAMO ROAD",""," ","I","GRAHAM ST","201511155","23/02/2015","Mon","0900","HA","CN1CC","301B 382B ","","R","D","O ","F ","X","S","C","050","0","0","1","","","1719588","6047350",
"Whangarei District","KAMO ROAD",""," ","I","GRIFFIN ST","201510345","28/01/2015","Wed","1500","KA","4N1M","301B 387B ","","R","D","O ","F ","T","S","C","050","0","0","1","","","1717823","6050152",
"Whangarei District","KAMO ROAD","10","S"," ","WESTERN HILLS DRIVE","201532400","03/03/2015","Tue","1330","AA","VN14","386A 404A ","","R","D","O ","F ","X","T","C","050","0","0","0","","","1718855","6048550",
"Whangarei District","KENSINGTON AVENUE","20","W"," ","HENRY ST","201531600","30/01/2015","Fri","1500","LB","CW1C","303B 375B 929 ","","R","D","O ","F ","D"," ","C","050","0","0","0","","","1719338","6047527",
"Whangarei District","KIRIPAKA ROAD","20","N"," ","KORAU ROAD","201531441","09/02/2015","Mon","1120","CB","CN1","129A 354A ","","R","D","B ","F "," ","N","C","050","0","0","0","","","1720079","6049519",
"Whangarei District","MANGAPAI ROAD","170","E"," ","HAYWARD ROAD","201510083","25/01/2015","Sun","1000","DB","ME1","135A 809 ","","S","D","B ","F "," "," ","C","100","0","1","0","","","1713015","6031009",
"Whangarei District","MEMORIAL DRIVE",""," ","I","KOHE ST","201531445","06/03/2015","Fri","0813","FA","CE14","181A 363A 363B 902 ","","E","D","B ","F ","T","G","C","050","0","0","0","","","1721391","6045844",
"Whangarei District","NEW ROAD DAVE CULHAM DR","300","S"," ","RIVERSIDE DRIVE","201531447","14/02/2015","Sat","2333","FA","CS1V","103A 423A ","","R","D","DO","F "," ","N","C","050","0","0","0","","","1721308","6044563",
"Whangarei District","NGUNGURU ROAD","40","E"," ","MARUATA ROAD","201510853","07/02/2015","Sat","1240","BF","MW1C","131A ","","M","D","B ","F "," "," ","C","100","0","0","1","","","1722655","6052023",
"Whangarei District","NGUNGURU ROAD","200","W"," ","SANDS ROAD","201510493","04/03/2015","Wed","2317","CC","CE1","103A 125A ","","R","D","DO","F "," ","N","C","080","0","0","1","","","1721036","6050521",
"Whangarei District","NIXON ST",""," ","I","PRINCES ST","201532070","05/02/2015","Thu","0840","KB","CW1C","301B 375B ","","R","D","B ","F ","T","S","C","050","0","0","0","","","1719632","6047587",
"Whangarei District","OTAIKA VALLEY ROAD","300","W"," ","STUNNELL ROAD","201530227","25/01/2015","Sun","1900","DB","CW1","137A ","","M","D","O ","F "," "," ","N","100","0","0","0","","","1715530","6039947",
"Whangarei District","OWHIWA ROAD","870","E"," ","MOUNT TIGER ROAD","201532401","28/02/2015","Sat","","DB","CE1","131A ","E","M","D","B ","F "," "," ","C","100","0","0","0","","","1729252","6044735",
"Whangarei District","PIPIWAI ROAD","400","S"," ","KNIGHT ROAD","201510760","02/02/2015","Mon","2013","DB","4S1","129A 134A 901 ","V","M","W","O ","H "," "," ","C","100","0","0","1","","","1707337","6052401",
"Whangarei District","PIPIWAI ROAD",""," ","I","MATARAU ROAD","201510087","20/01/2015","Tue","1954","DA","CE1","111A 191A 332A 358A 404A 801 ","","S","W","O ","L ","T","S","C","100","0","0","1","","","1711349","6052412",
"Whangarei District","PORT ROAD","80","E"," ","OKARA DRIVE","201530239","19/01/2015","Mon","0854","MO","TW1C","386A ","M","S","D","B ","F "," "," ","N","050","0","0","0","","","1720579","6044312",
"Whangarei District","RIVERSIDE DRIVE",""," ","I","VALE ROAD","201532303","26/02/2015","Thu","1600","MO","CS2C","301A 330A 330B 372B ","","R","W","O ","L ","T","S","R","050","0","0","0","","","1719955","6045974",
"Whangarei District","ROCKELL ROAD","20","E"," ","WHANANAKI NORTH ROAD","201510759","31/01/2015","Sat","1810","FA","CW1S","331A 353A 408B ","","R","D","B ","F "," "," ","C","050","0","0","1","","8","1733084","6069613",
"Whangarei District","RUST AVENUE",""," ","I","BANK ST","201530210","04/01/2015","Sun","1030","FE","CS1C","330A 420A ","","R","D","B ","F ","X","T","C","050","0","0","0","","","1719342","6045775",
"Whangarei District","SH 1N","850","N"," ","YOVICH ROAD","201500028","29/01/2015","Thu","","MC","TS1C","330B 372B 929 ","V","R","D","B ","F ","D","N","C","100","1","0","0","","","","",
"Whangarei District","TAREWA ROAD","30","N"," ","POROWINI AVENUE","201530212","07/01/2015","Wed","1040","FD","CS1CC","112A 181A 331A 357B ","","R","D","B ","F "," "," ","C","050","0","0","0","","","1719155","6045208",
"Whangarei District","TAREWA ROAD",""," ","I","POROWINI AVENUE","201531435","25/02/2015","Wed","1100","FE","CW1V","427A 610A ","","E","D","B ","F ","X","T","C","050","0","0","0","","","1719136","6045185",
"Whangarei District","VICTORIA AVENUE","20","N"," ","DUBLIN ST","201532267","26/02/2015","Thu","1715","FD","CN1C","181A ","","R","D","B ","F "," "," ","C","050","0","0","0","","","","",
"Whangarei District","WALTON ST",""," ","I","ROSE ST","201530218","12/01/2015","Mon","1740","KB","CW1B","302B 375B ","","R","D","B ","F ","T","G","R","050","0","0","0","","","1719398","6045493",
"Whangarei District","WHANGAREI HEADS ROAD","230","E"," ","PARUA CEMETERY ROAD","201510347","29/01/2015","Thu","2110","BF","CE1M","111A 130A 801 ","","M","W","DN","L "," "," ","C","100","0","1","0","","","1732281","6041125",
"Whangarei District","Z BPRIVERSDALE DRIVE","170","W"," ","TANEKAHA DRIVE","201510488","09/03/2015","Mon","1408","QD","4E1E","330A 610A 922 ","","R","D","B ","F ","D","N","N","050","0","0","1","66","","","",
"Whangarei District","14/0/0.374","100","W"," ","TE MAI ROAD","201532302","13/02/2015","Fri","1155","FD","TN1C","181A 331A ","","R","D","B ","F "," "," ","R","050","0","0","0","","","1718122","6044774",
"Whangarei District","14/0/2.347",""," ","I","PUKENUI ROAD","201510086","19/01/2015","Mon","0720","DB","CS1V","412A ","","R","D","B ","F ","T","G","P","070","0","0","1","","","1716230","6044566",
"Whangarei District","14/0/9.813",""," ","I","NEWTON ROAD W","201510746","02/02/2015","Mon","1030","GE","CN1V","160A ","V","E","D","B ","F ","T","S","L","100","0","0","1","","","1709658","6043346",
"Whangarei District","1N/233/7.498","2000","S"," ","WAIOTU BLOCK ROAD","201530211","01/01/2015","Thu","1830","CC","CE1","103A 130A ","","R","D","B ","F "," "," ","C","100","0","0","0","","","1713353","6066162",
"Whangarei District","1N/245/6.094",""," ","I","GEORGE ST","201531444","11/02/2015","Wed","2120","LB","CS1C","303B 375B ","","R","W","O ","F ","T","G","C","100","0","0","0","","","1716536","6058262",
"Whangarei District","1N/258/3.056","15","N"," ","PUNA RERE DRIVE","201530235","23/01/2015","Fri","1635","FE","CS1CC","110A 181A 331A ","","R","D","B ","F ","T","T","R","050","0","0","0","","","1718770","6049253",
"Whangarei District","1N/258/3.894","100","S"," ","KAMO ROAD","201530236","12/01/2015","Mon","1023","AA","VS14","372A ","","R","D","B ","F "," "," ","R","050","0","0","0","","","1718824","6048461",
"Whangarei District","1N/258/7.577","50","N"," ","CHEVIOT ST","201531446","04/03/2015","Wed","2205","MA","CN1T","373B 381B ","","R","D","DO","F "," ","N","R","050","0","0","0","","","1718411","6045187",
"Whangarei District","1N/266/0.549",""," ","I","TAREWA ROAD","201531604","21/01/2015","Wed","1149","LB","TS1C","303B ","","R","D","B ","F ","T","G","R","050","0","0","0","","","1718586","6044461",
"Whangarei District","TAREWA ROAD",""," ","I","1N/266/0.549","201531884","05/02/2015","Thu","2000","FB","CS1C","181A 331A 387A ","","E","D","TF","F ","T","S","R","050","0","0","0","","","1718586","6044461",
"Whangarei District","1N/266/7.431","500","S"," ","PORTLAND ROAD","201532068","17/01/2015","Sat","0315","CC","CN1","130A 412A ","CV","R","D","DN","F "," "," ","C","100","0","0","0","","","1717320","6038305",
"Whangarei District","1N/273/16.415","940","N"," ","PRESCOTT ROAD","201532404","21/02/2015","Sat","1300","AC","CN1T","159A 191A 357A 510A ","","E","D","O ","F "," "," ","C","100","0","0","0","","","1728245","6028177",
"Whangarei District","1N/292/2.933",""," ","I","DOCTORS HILL ROAD","201531601","23/01/2015","Fri","1624","GD","CS1C","181A 333A ","","R","D","B ","F ","T","G","C","100","0","0","0","","","1730963","6024556",
"Whangarei District","1N/303/5.341","50","S"," ","GLENMOHR ROAD","201532072","01/02/2015","Sun","2300","DA","VN1","131A 402A 801 ","V","E","W","DN","L "," "," ","C","100","0","0","0","","","1727830","6012908",
"Whangarei District","1N/303/6.539","100","S"," ","SCHULTZ ROAD","201510082","11/01/2015","Sun","1605","CC","CN1","410A ","P","R","D","B ","F "," "," ","L","100","0","0","1","","","1727538","6011751",
"Whangarei District","1N/303/10.112","1500","N"," ","ARTILLERY ROAD","201530299","28/01/2015","Wed","1140","AC","CS14","159A 386A ","","M","D","B ","F "," "," ","L","080","0","0","0","","","1728453","6008815",
"Whangarei District","1N/303/11.612",""," ","I","ARTILLERY ROAD","201530220","01/01/2015","Thu","1040","FA","CS1C","331A 350A ","","M","D","B ","F ","T","G","C","080","0","0","0","","","1727987","6007494",
"Whangarei District","1N/303/12.362","750","S"," ","ARTILLERY ROAD","201510742","25/01/2015","Sun","1300","DA","MS1","129A 131A 403A 404A ","V","S","D","B ","F "," "," ","C","080","0","0","1","","","1727923","6007055",
"Whangarei District","1N/303/13.342","1730","S"," ","ARTILLERY ROAD","201532403","20/02/2015","Fri","1435","BF","VS1B","410A ","","E","D","O ","F "," "," ","L","080","0","0","0","","","1728303","6006512",
"Whangarei District","1N/303/13.864","40","N"," ","PIROA STM BR","201510028","07/01/2015","Wed","1307","FD","TN1CVC","181A 331A ","","R","D","B ","F "," "," ","C","080","0","0","1","","","1728616","6006193",